,Word,Count
0,﻿,1
1,,237
2,i,1425
3,na’ån-hu,3
4,si,307
5,francisca,10
6,cruz,6
7,quintanilla,2
8,franquez,3
9,nobentai,6
10,kuåttro,16
11,åños,18
12,yu’,325
13,tatå-hu,26
14,na’ån-ña,12
15,roman,2
16,toves,2
17,nanå-hu,14
18,maria,5
19,santos,9
20,siette,5
21,ham,187
22,manmañe’lu,4
23,mås,37
24,åmko’,3
25,juan,1
26,rosa,1
27,vicente,1
28,carlos,1
29,antonia,1
30,carmen,1
31,jose,9
32,emilia,1
33,guåhu,95
34,number,6
35,ten,1
36,and,126
37,olivia,1
38,todu,194
39,manmåtai,10
40,tetehnan,7
41,mafañågu,9
42,gi,559
43,septembre,2
44,diha,15
45,treinta,8
46,na,984
47,mit,23
48,nuebi,18
49,sientos,16
50,bente,7
51,september,1
52,30,1
53,1920,1
54,manmåtto,25
55,mañaina-hu,4
56,before,4
57,the,156
58,war,6
59,quintanillam,1
60,lao,282
61,manaigue,2
62,hagas,16
63,ha’,311
64,åntes,52
65,di,95
66,gera,21
67,onse,3
68,mina’dies,3
69,manmå’pos,2
70,esta,176
71,mama’estra,3
72,manggaige,25
73,nai,430
74,yan,225
75,mañe’lu-hu,6
76,siha,194
77,che’cho’,14
78,pues,500
79,eskuela,27
80,hu,288
81,chocho’gue,10
82,mañe’lu,3
83,på’go,81
84,tutuhon,39
85,fine’nana,16
86,special,5
87,education,3
88,teacher,6
89,manma’estro,1
90,po,43
91,fanmapo’lo,2
92,manmapo’lo,1
93,halom,10
94,kuatto,1
95,dedi,2
96,u,178
97,fanmatå’chong,1
98,kuatto-ku,2
99,ya,485
100,bei,92
101,ma’ekungok,2
102,ma’atan,1
103,håfa,152
104,observation,1
105,taught,3
106,chamorro,23
107,english,13
108,japanese,22
109,annai,183
110,chapones,47
111,guini,60
112,makonne’,13
113,para,402
114,intepriti,1
115,manetnon,1
116,manåmko’,24
117,kanton,4
118,chålan,5
119,kåda,50
120,malago’-ñiha,3
121,ma,323
122,konne’,24
123,umintepririti,1
124,kuarentai,2
125,singko,9
126,fa’nå’gue,3
127,fino’,36
128,chamoru,100
129,ingles,19
130,tiempon,16
131,mama’nå’gue,4
132,ma’estro,5
133,kuåtto,5
134,na’fatå’chong,2
135,taimanu,23
136,meggai,39
137,eksperensia-ku,2
138,ti,318
139,umayek,2
140,sa’,313
141,manmalago’,4
142,manmama’nå’gue’,1
143,mambråbu,1
144,famagu’on,37
145,siña,105
146,manmañaolak,1
147,manmangastiga,1
148,they,87
149,primet,10
150,ed,18
151,un,229
152,honnge,1
153,singkuenta,7
154,manå’i,8
155,tåya’,95
156,iyo-ku,10
157,aid,4
158,muma’estra,3
159,well,6
160,bakasion,1
161,select,4
162,unu,42
163,katotse,1
164,famalao’an,13
165,manmanå’i,19
166,guma’,17
167,dos,67
168,palao’an,10
169,gumigiha,2
170,dibåtde,15
171,boka,9
172,in,209
173,cheche’gue,2
174,manmaneskuela,1
175,guåha,4
176,ayu,479
177,mama’nå’gue’,4
178,tungo’,126
179,libiånu,6
180,hami,31
181,munhåyan,36
182,fa’nå’gue’,5
183,råtutu,1
184,håyi,18
185,na’ån-mu,2
186,mañaina-mu,1
187,månu,24
188,sumåsåga,1
189,hao,103
190,maolekña,13
191,tufong,1
192,asta,12
193,dies,10
194,buente,18
195,sigi,21
196,hulo’,55
197,siento,6
198,later,9
199,on,23
200,sumasåga,4
201,gima’,20
202,siesiente,2
203,inapasen-måmi,1
204,ni,263
205,håfafa,1
206,gos,47
207,maolek,70
208,tratamenton-ñiha,1
209,kanta,4
210,hiningok-hu,1
211,ginen,48
212,sindålu,3
213,manmaloloffan,2
214,me’nan,5
215,gumå’-måmi,2
216,yanggen,35
217,manmaloffan,1
218,guaha,227
219,infresi,1
220,fanggimmen,1
221,pat,43
222,minagof-ñiha,2
223,kånta,4
224,kåntan,1
225,malago’,16
226,kantåyi,1
227,ken,6
228,lalålo’,3
229,put,82
230,fåbot,3
231,tohge,1
232,sings,1
233,mafa’nå’gue,2
234,meaning-ña,1
235,fuma’nå’gue’,2
236,prayers,1
237,speaks,4
238,we’re,20
239,going,11
240,to,117
241,be,18
242,good,8
243,people,26
244,work,5
245,too,9
246,hardspeaks,1
247,study,1
248,very,9
249,hard,5
250,ogga’an,5
251,an,77
252,ogg’an,4
253,manohge,2
254,fana’,2
255,gaige,43
256,ma’gas-ñiha,1
257,manmalak,1
258,lagu,2
259,este,176
260,taiguini,23
261,lalahi,10
262,dispasio,1
263,lanchon-måmi,1
264,efresi,1
265,658,1
266,manmanohge,1
267,saluluda,2
268,emperor,2
269,your,14
270,face,2
271,my,41
272,are,14
273,all,11
274,same,3
275,duranten,1
276,interpreti,1
277,ha,194
278,maneskuekuela,4
279,mana’såsåga,1
280,dormitory,5
281,14,4
282,girls,3
283,10,4
284,boys,7
285,guma’-måmi,1
286,sahnge,8
287,gima’-ñiha,3
288,lalåhi,6
289,gima’-,1
290,ñiha,3
291,hire,1
292,by,4
293,guiya,40
294,fuma’tinånåsi,1
295,we,56
296,didn’t’spend,1
297,anything,4
298,everything,5
299,was,31
300,free,13
301,na’fanma’amomotsa,1
302,ta’lo,47
303,months,1
304,mañåga,3
305,guihi,226
306,tiempo,131
307,manmakonne’,3
308,guåtu,63
309,tratamento,3
310,food,3
311,lodging,1
312,atetendi,1
313,otro,41
314,gumuaguatdia,2
315,ma’atenden-måmi,1
316,nengkånno’,4
317,manhuyong,4
318,mama’nå’nå’gue’,1
319,stay,3
320,because,21
321,had,9
322,teach,3
323,us,14
324,then,11
325,fed,1
326,puru,39
327,nu,430
328,manhahami,1
329,nengkanno’,1
330,manmamommokat,2
331,hihot,5
332,kontra,21
333,enao,95
334,låhi-hu,20
335,tratåmenton,1
336,giya,101
337,manmakastitiga,7
338,manmano’osge,2
339,anggen,39
340,manosge’,5
341,siempre,22
342,kastitiga,1
343,manmakastiga,2
344,outsiders,2
345,tråtamento,1
346,atan,27
347,after,7
348,interpreter,3
349,manliliko’,1
350,manmakuentusi,1
351,manmanoppe’,1
352,tåtte,59
353,umayuyuda,2
354,estague,14
355,umeskuekuela,6
356,måtto,40
357,frank,9
358,1003,1
359,mana’fanetnon,1
360,taotao,90
361,lugåt,17
362,fanmakuentusi,1
363,makokonne’,2
364,mamfino’chaponinis,1
365,uminterpret,1
366,manmakamp,4
367,interesting,3
368,tratåmenton-ñiha,3
369,manmanimbebeste,5
370,manma,3
371,manmakakasi,1
372,li’e’,42
373,respeta,15
374,manmanånå’i,3
375,manmanosge’,3
376,two,6
377,ladies,1
378,pulan,1
379,manmabibenta,1
380,ilek-ta,4
381,man,7
382,benta,1
383,mapatmåda,1
384,that’s,23
385,word,1
386,amerikånu,15
387,manainengkånno’,1
388,mañasåga,4
389,manmaprovide,1
390,påpa’,42
391,market,3
392,guma’-ñiha,1
393,drinks,1
394,manaimagågu,1
395,magugon-ñiha,1
396,manmadestrosa,1
397,of,65
398,course,3
399,manmaolek,5
400,hita,15
401,pumoksai,1
402,1152,1
403,fine’na,2
404,makastiga,2
405,manmaprutehi,1
406,manmapupulan,2
407,puengi,8
408,kuåtton-ñiha,1
409,kalan,44
410,manma’ayek,1
411,tågo’,7
412,high,4
413,school,18
414,students,2
415,che’cho’-ñiha,7
416,selected,2
417,their,6
418,commisioner,1
419,manayuda,1
420,commisoner,1
421,commissioner,2
422,kumokonne’,1
423,gai,10
424,manmakakamp,2
425,famboka,2
426,uma’ågang,1
427,kokonne’,10
428,sangåni,40
429,manma’ågang,3
430,ma’ågang,6
431,mafå’titinas,1
432,tumungo’,10
433,ayuyuda,1
434,ma’gas,2
435,ilek-ña,103
436,fanhånao,14
437,mamboka,3
438,hagåtña,13
439,santatte,3
440,iyon-ñiha,7
441,tratåmento,4
442,lumalålo’,1
443,familiå-ku,3
444,aksepta,4
445,ma’estra,3
446,kusinera,2
447,manmafa’tinasi,1
448,studio,1
449,eksprensiå-ku,1
450,na’fa’ma’nå’gue’,1
451,eståtåba,1
452,lokkue’,85
453,umayuda,1
454,popular,4
455,building,2
456,there,16
457,that,54
458,first,13
459,time,14
460,leary,2
461,chule’,30
462,åhe’,17
463,can,11
464,give,2
465,you,81
466,sa,1
467,mongmong,3
468,know,49
469,post,5
470,office,2
471,across,2
472,dångkolo’,17
473,iyon-måmi,17
474,hårmon,1
475,amko’,1
476,fumino’,5
477,pupulan,3
478,manmanhire,1
479,cook,2
480,fa’tinasi,1
481,amotsån-,1
482,måmi,10
483,manhånao,27
484,talo’ani,1
485,måkpo’,4
486,manmakadena,1
487,tratåmentto,1
488,mamimbebeste,2
489,i’m,16
490,talking,3
491,about,15
492,manmamå’nå’gue’,1
493,uminterpreter,1
494,young,3
495,kids,2
496,elementary,3
497,kumekeilek-hu,1
498,påtgon,3
499,hågu,20
500,la’mon,2
501,manmamanak,1
502,mangastiga,1
503,kuåtto-ku,1
504,komu,70
505,sanme’na,4
506,“go,2
507,get,7
508,paper,1
509,for,24
510,me”,3
511,this,21
512,children”,1
513,na’atburota,1
514,manmamannak,1
515,manmakasi,1
516,no,95
517,punishment,1
518,allowed,2
519,che’lu,5
520,ma’suesuetdo,1
521,carpenter,2
522,mean,14
523,katpenteru,1
524,pumalon,1
525,manmachocho’cho’,1
526,lancho,1
527,a,68
528,lot,13
529,production,1
530,raise,1
531,chickens,1
532,pigs,1
533,even,6
534,turkey,3
535,chada’,1
536,mannok,1
537,manggefsåga,1
538,manadån,1
539,gollai,4
540,atenden-ñiñiha,1
541,4,3
542,brothers,8
543,manasagua,2
544,pumalu,9
545,umasagua,1
546,machocho’cho’,2
547,sumupopoti,1
548,don’t,25
549,jobs,1
550,gof,23
551,girl,4
552,scout,5
553,leader,6
554,trumain,1
555,bidå-,2
556,husband,3
557,electronic,2
558,technician,2
559,island,5
560,yu’os,23
561,umasodda’,2
562,umande’,1
563,ilek-hu,56
564,“i,3
565,want,5
566,come,4
567,house,11
568,talk,5
569,brother,2
570,see,10
571,me,15
572,at,16
573,visiting,2
574,huh”,1
575,ya-hu,13
576,huyong,24
577,pasehu,1
578,1815,1
579,“guaha,3
580,fåtto,7
581,kinuentusi,2
582,despues,3
583,bai,20
584,ali’e’”,1
585,nå’i,18
586,6-8,2
587,monday,2
588,–friday,1
589,relos,1
590,dia,2
591,serious,1
592,rason-mu,1
593,båsta,6
594,bisita,6
595,hånao,24
596,kuentusi,5
597,che’lu-hu,4
598,kuentos,4
599,mali’e’,1
600,mågi,12
601,sanhiyong,4
602,humålom,15
603,sanhalom,2
604,makandådålu,1
605,trongkon,7
606,mångga,1
607,matåtå’chong,1
608,osge’,1
609,ma’åñao,5
610,osge,4
611,pannak,3
612,dulalak,2
613,ilek-,12
614,bisisita,1
615,sångan,36
616,bumisita,2
617,eskuela”,1
618,enague,20
619,kustumbren,1
620,wednesday,1
621,friday,1
622,from,13
623,5-8,1
624,dalalaki,3
625,master,1
626,not,13
627,manali’e’,1
628,“if,2
629,continue,2
630,home,11
631,stop,4
632,over,6
633,here,14
634,is”,1
635,outside,3
636,amko’-ña,1
637,ki,23
638,fire,6
639,matutuhon,4
640,umbre,5
641,“parents,2
642,learn,5
643,faster,2
644,school”,1
645,so,50
646,started,5
647,children,9
648,but,31
649,when,13
650,teaching,3
651,didn’t,9
652,understand,3
653,told,2
654,fama’nå’gue’,2
655,six,2
656,sons,1
657,one,12
658,daughter,1
659,impotånte,2
660,saina,2
661,debi,37
662,chamoruyi,1
663,mamfino’,7
664,i’ingles,1
665,måtai,11
666,mafa’nå’gue’,3
667,manhoben,3
668,bånda,5
669,yite’,1
670,mayute,1
671,fact,6
672,umintrepreter,1
673,it’s,16
674,up,10
675,family,4
676,“mañaina,1
677,famagu’on-miyu,1
678,chaddek,5
679,komprende,6
680,ingles”,1
681,kao,40
682,dinanche,6
683,fransicsa,1
684,manhålom,19
685,famagu’on-hu,2
686,mannuebu,2
687,mamfino’ingles,1
688,tiningo’-hu,1
689,manma’afuetsas,1
690,fanmanosge’,1
691,umeskuela,10
692,eskuelån,1
693,mañaina,6
694,ilek-ñiha,20
695,“kuentusi,1
696,guma’-miyu”,1
697,mafino’,1
698,inglesi,1
699,kumomprende,2
700,speak,9
701,2218,1
702,fandanña’,2
703,example,2
704,”,1
705,manånglo’,1
706,bula,38
707,instructions,2
708,mafa’nånå’gue’,1
709,mansigi,2
710,maneskuela,5
711,kuentutusi,3
712,hafa,7
713,såsångan,3
714,manlibiånu,1
715,niyok,15
716,trongko,8
717,nibåli,2
718,yåma,1
719,pengka,1
720,tuba,1
721,ånibat,1
722,binakle,1
723,dadek,4
724,aplok,5
725,må’son,4
726,gåfo’,3
727,produktu-,1
728,ña,11
729,pika,2
730,patnitos,4
731,ensalåda,1
732,månnge’,2
733,sabot-ña,1
734,magåhet,114
735,amigo,1
736,pikura,1
737,manånom,1
738,prutehi,3
739,munga,9
740,angokko,2
741,patte,1
742,ma’son,1
743,gafo’,1
744,måsa,1
745,dådek,1
746,mahettok,1
747,were,20
748,it,50
749,typhoon,2
750,mamoddong,4
751,parts,2
752,displayed,1
753,“mrs,1
754,what,23
755,about”,1
756,falak,1
757,lamasa,1
758,pepega,1
759,fa’tinas,1
760,nana,3
761,mother’s,2
762,day,3
763,saosao,1
764,lago’,2
765,na’fanohge,1
766,sanhilo’,3
767,“nåna,2
768,nåna,9
769,maså’pet,3
770,tingo’,12
771,achokka’,19
772,makmåta,4
773,chatanmak,2
774,pripåra,3
775,amotsån-måmi,2
776,sumåga,7
777,mama’gåsi,2
778,fina’tinas,3
779,fina’gåsi,2
780,diåriu,3
781,che’cho’-mu,2
782,umugong,2
783,ya-mu,3
784,familiå-mu,3
785,ta,124
786,ekungok,2
787,nanå-ta,2
788,apås-ta,2
789,fina’nå’gue’-ña,2
790,nåna”,1
791,kumakånta,1
792,lili’e’,11
793,tumuho’,1
794,lago’-ña,1
795,2548,1
796,mana’fanohge,1
797,mothers,1
798,påtte,10
799,gunot,4
800,coconut,2
801,aguayenten,1
802,fuma’tinas,1
803,todudu,15
804,typhoo,1
805,where,11
806,display,1
807,patnito,1
808,chamomoru,1
809,learned,1
810,okay,20
811,farmers,1
812,umbe,22
813,employee,1
814,they’re,9
815,working,2
816,have,33
817,big,7
818,farm,1
819,manmamoksai,1
820,guaka’,1
821,94,1
822,years,8
823,old,4
824,live,4
825,myself,1
826,thank,1
827,dear,2
828,lord,2
829,retaining,1
830,health,1
831,seven,1
832,47,1
833,grand,1
834,35,1
835,great-grand,1
836,2713,1
837,oldest,1
838,son,5
839,is,42
840,roland,1
841,second,1
842,bernard,1
843,our,10
844,called,2
845,him,10
846,early,5
847,nearly,1
848,broke,1
849,heart,1
850,third,2
851,gilbert,1
852,gil,1
853,fourth,1
854,mike,15
855,real,2
856,look,3
857,alike,1
858,åttilong,2
859,åpaka’,3
860,julie,1
861,only,6
862,humble,1
863,kind,2
864,she,2
865,mingled,1
866,with,15
867,her,1
868,never,7
869,left,1
870,behind,1
871,fifth,1
872,lawrence,1
873,who,5
874,loved,1
875,play,1
876,drums,1
877,he,17
878,he’s,7
879,having,1
880,much,5
881,fun,1
882,lucian,1
883,youngest,2
884,healthy,2
885,strong,2
886,knows,1
887,belongs,1
888,how,10
889,many,8
890,do,12
891,shoes,6
892,tenda,4
893,part,2
894,fa’na’an,24
895,gunt,1
896,fiber,1
897,shape,2
898,na’dopble,1
899,usa,10
900,akgak,1
901,godde,7
902,using,1
903,go,9
904,out,7
905,mamopble,4
906,redan,1
907,kareta,6
908,chumocho’gue,3
909,store,2
910,cut,1
911,loose,2
912,tire,1
913,instrument,1
914,make,2
915,sandals,1
916,wearing,1
917,dogga,1
918,did,7
919,without,3
920,slippers,1
921,worms,1
922,mandikike’,2
923,pinworm,1
924,call,2
925,sometimes,4
926,suffering,1
927,medication,3
928,take,8
929,would,3
930,balulutan,1
931,manna’ma’åse’,1
932,thing,2
933,malångu,2
934,ma’espitåt,1
935,fanmanrelease,1
936,doctors,1
937,åmot,3
938,manmanrisisibi,1
939,guam,43
940,recorder,1
941,pay,3
942,mana’sesetbe,3
943,ma’afford,1
944,fanman,1
945,lancheru,3
946,manmanggågåna,1
947,salåpe’,13
948,solu,3
949,hamyo,12
950,whatever’s,1
951,happening,1
952,gumå’,1
953,familia,6
954,famagu’on-ñiha,2
955,kuchala,1
956,manmafåfåhna,1
957,necessita,14
958,tåttittiyi,2
959,mimilak,1
960,mikos,1
961,“wipe,1
962,nose”,1
963,mano’mak,1
964,way,11
965,back,9
966,prublema,2
967,na’listo,3
968,gui’,12
969,manarekla,1
970,taotao-mu,2
971,maisa,3
972,train,1
973,neighbors,1
974,or,46
975,ask,4
976,something,8
977,politeness,1
978,child,1
979,may,7
980,simple,2
981,mannå’i,1
982,ma’åse’fino’,1
983,agaña,3
984,oh,7
985,dumångkolo’,2
986,walk,1
987,church,2
988,transportation,2
989,patås-hu,3
990,age,1
991,kuåntos,8
992,am,3
993,name,2
994,villages,1
995,staying,1
996,hagå’-ña,1
997,named,1
998,sirena,1
999,hagå-ña,1
1000,tano’-måmi,1
1001,to’to,4
1002,sleep,1
1003,lie,1
1004,flat,1
1005,place,2
1006,travelling,1
1007,bull,1
1008,carts,1
1009,road,1
1010,bumpy,1
1011,cow,1
1012,straddling,1
1013,“mong,1
1014,mong,1
1015,mong”,1
1016,gave,2
1017,“mongmong”,1
1018,mangilao,8
1019,ilao,2
1020,means,3
1021,try,2
1022,manhåhånao,5
1023,mani’ilao,1
1024,mafa’na’an,8
1025,“mangilao”,2
1026,manmångge’,4
1027,“manggaige,1
1028,mangilao”,1
1029,“mana’adu”,1
1030,sinahåña,3
1031,mother,2
1032,gado’,3
1033,sweetsop,1
1034,guåddok,3
1035,tano’,10
1036,nå’yi,3
1037,åcho’,3
1038,po’lo,21
1039,doing,3
1040,sinahan,2
1041,bidan-ñiñiha,2
1042,dei,2
1043,yo’-ña,3
1044,iyo-ña,8
1045,yigu,1
1046,hasso,26
1047,maite,1
1048,ma’ette,1
1049,kenneth,2
1050,humåtak,5
1051,mandodokko’,1
1052,chalan,2
1053,fa’å’åmot,1
1054,say,11
1055,mananångas,1
1056,3405,1
1057,fofotge,1
1058,patgon,3
1059,whether,1
1060,true,1
1061,malesso’,4
1062,lesso’,2
1063,mañåhak,1
1064,yo-ña,18
1065,talo’fo’fo’,2
1066,fo’fo’,1
1067,bubbling,1
1068,bubble,1
1069,manggofafa’maolek,1
1070,mamimbeste,1
1071,living,2
1072,parents,1
1073,anderson,5
1074,ranch,1
1075,whenever,1
1076,pass,1
1077,offer,1
1078,them,3
1079,water,1
1080,coffee,3
1081,return,3
1082,offered,1
1083,shop,1
1084,manmarespeta,1
1085,kana’,12
1086,klåsen,17
1087,friholes,1
1088,abuchelas,1
1089,underwood,3
1090,na’ån,2
1091,chaiote,1
1092,nanå–hu,4
1093,ga’-måmi,2
1094,månnok,1
1095,gayinola,2
1096,ones,1
1097,hunggan,16
1098,fohmo’,2
1099,coral,3
1100,small,2
1101,fish,1
1102,dalalak,1
1103,sticks,1
1104,plånta,2
1105,guagua’,1
1106,na’gåsgås,1
1107,aflitu,1
1108,na’-måmi,1
1109,gåsgås,3
1110,tasi,7
1111,mantåtåke’,1
1112,there’s,5
1113,nothing,3
1114,these,1
1115,dig,2
1116,toilet,1
1117,guåguåddok,1
1118,mamå’titinas,1
1119,fihu,19
1120,gellai,1
1121,dagu,1
1122,tataotao-hu,1
1123,manmanrespeta,1
1124,manmachalappon,2
1125,“nginge’,1
1126,amko’”,1
1127,mannginge’,1
1128,“ñora”,2
1129,mambendisi,1
1130,bless,1
1131,respect,1
1132,ålok,3
1133,“ha’,1
1134,håfa”,6
1135,“ñora,1
1136,ñot”,1
1137,respond,1
1138,“sabet,1
1139,ñora”,2
1140,“julie,1
1141,bråbu,1
1142,date,1
1143,plenty,1
1144,virgins,2
1145,someone,1
1146,else,2
1147,nobiu,2
1148,manmafåtto,5
1149,gima’francisca,1
1150,if,9
1151,somebody,6
1152,wants,1
1153,girlfriend,1
1154,got,6
1155,they’ll,2
1156,three,2
1157,times,1
1158,week,1
1159,6-,1
1160,8,3
1161,sat,1
1162,bench,1
1163,cannot,3
1164,hold,2
1165,hands,2
1166,dating,2
1167,married,1
1168,bithen,1
1169,women,2
1170,been,2
1171,manmasosotta,1
1172,controrol,1
1173,mangguåguålo’,1
1174,manmama’gågåsi,1
1175,manmamå’titinas,1
1176,happened,2
1177,manguåguålo’,1
1178,clothes,1
1179,clean,2
1180,placethat’s,1
1181,farming,1
1182,12,1
1183,mana’faneskuela,1
1184,own,1
1185,hired,1
1186,took,2
1187,care,1
1188,cooking,2
1189,manggosmaolek,1
1190,morning,1
1191,eat,2
1192,rest,1
1193,while,2
1194,class,2
1195,manaiguihi,1
1196,mo’na,13
1197,singing,1
1198,nanå-,1
1199,sångan”,1
1200,påkpåk,1
1201,kannai-mu,1
1202,kaiha,1
1203,hoben,4
1204,guåtdia,1
1205,just,12
1206,laugh,1
1207,paopao,1
1208,fixing,1
1209,radios,1
1210,those,5
1211,god,1
1212,na’ån-hi,1
1213,eddie,1
1214,leon,2
1215,guerrero,3
1216,benavente,6
1217,familian,4
1218,lale’,1
1219,cheddo’,1
1220,agusto,1
1221,nuebe,2
1222,singkuentai,3
1223,sais,6
1224,såkkan,16
1225,miget,13
1226,now,10
1227,guåhan,2
1228,activist,2
1229,mababa,4
1230,hinasso-mu,1
1231,asunto,19
1232,nga’ian,2
1233,tututuhon,1
1234,kåsa,1
1235,ochenta,4
1236,komo,18
1237,undergrad,1
1238,unibetsidåt,3
1239,chuchule’,2
1240,dr,5
1241,history,2
1242,ma’estro-ku,1
1243,manestudiante,1
1244,dokumento,2
1245,tinige’,3
1246,profesot,1
1247,university,3
1248,south,4
1249,pacifc,1
1250,albert,1
1251,wendt,1
1252,tinige’-ña,3
1253,mafa’nana’an,27
1254,“reborn,1
1255,belong”,1
1256,taitai,11
1257,sigiente,2
1258,matå-hu,4
1259,desde,31
1260,kada,3
1261,cho’gue,28
1262,mobimenton,4
1263,lina’lå’-hu,3
1264,lina’la’,7
1265,sumaonao,2
1266,“chamorro,4
1267,club,1
1268,organization”,1
1269,charter,1
1270,manna’hålom,1
1271,manmangagahat,1
1272,hemplo,4
1273,sade’gåni,1
1274,fatta,1
1275,guinaha-ta,1
1276,manchamoru,8
1277,ayugue,42
1278,bumaba,1
1279,påyuni,1
1280,che’cho’-hu,2
1281,taiguhi,3
1282,danderu,2
1283,rock,2
1284,roll,1
1285,tulaika,2
1286,tattittiyi,3
1287,grupu,3
1288,taiguihi,23
1289,as,30
1290,charfauros,3
1291,mandåndån,1
1292,ike,1
1293,ripåra,11
1294,kontodu,3
1295,dandan,2
1296,kotturå-ta,4
1297,kekeabiba,1
1298,kosaki,2
1299,fanlå’la’,2
1300,musiku,1
1301,manera,20
1302,tåttiyi,2
1303,album,3
1304,flora,1
1305,baza,4
1306,quan,1
1307,humuyong,14
1308,plåkan,1
1309,“hågu”,1
1310,gumitatålla,1
1311,plåka,3
1312,saosaonao,1
1313,ochentai,5
1314,eståba,17
1315,kuam,5
1316,ma’empleao,1
1317,calvo’s,1
1318,enterprises,1
1319,dj,2
1320,station,3
1321,humami,10
1322,tinian,1
1323,dela,3
1324,dumos,1
1325,kåyu,4
1326,palåbra,3
1327,kumekilek-ña,1
1328,parehu,17
1329,na’ån-ñiha,1
1330,na’ån-måmi,1
1331,mana’såga,1
1332,la’apmam,1
1333,humuyongña,1
1334,gumo’te,2
1335,timon,8
1336,estasion,2
1337,biåhi,27
1338,manenea,1
1339,fuera,9
1340,610,1
1341,faisen,12
1342,produsi,1
1343,prugråmman,2
1344,kombetsåsion,3
1345,jesus,4
1346,difunto,4
1347,show,1
1348,host,1
1349,matå’chong,7
1350,manmiteng,2
1351,general,12
1352,manager,1
1353,john,7
1354,denight,1
1355,“ed,3
1356,sus,3
1357,na’guaha,5
1358,asunton,5
1359,lumå’la’,1
1360,prugråmma,1
1361,manhungok,1
1362,estudiante,1
1363,palåbran,1
1364,kuririhi,1
1365,kumuentos,7
1366,difunton,1
1367,menhålom,5
1368,fino’-ta,1
1369,masåsångan,1
1370,håya,1
1371,mina’singko,1
1372,dingu,5
1373,umali’e’,9
1374,che’lu-ta,13
1375,hit,63
1376,chagi,5
1377,uma’li’e’,1
1378,ånghet,82
1379,sumångan,5
1380,muñangon,1
1381,“maolekña,1
1382,benavente”,1
1383,inakammo’,1
1384,baotismo,1
1385,humånao,30
1386,ñangon,2
1387,santos”,1
1388,oppe’,3
1389,tilifon,3
1390,air,12
1391,force,8
1392,“hey,7
1393,me’lu,2
1394,kumuentos”,1
1395,“un,2
1396,mamaila’,2
1397,fatå’chong,2
1398,fumamaisen,1
1399,dos”,2
1400,gimå’-hu,3
1401,tumulanoche,1
1402,inafefekta,1
1403,taotao-ta,14
1404,bonitu,12
1405,dinanña’,2
1406,grupon,4
1407,“che’lu”,1
1408,nasion,52
1409,humahånao,1
1410,finatai-ña,1
1411,maseha,18
1412,mas,14
1413,difunto”,1
1414,hinassosso-ña,1
1415,kinalåmten-ña,1
1416,estoriåyi,1
1417,fotma,2
1418,“maila’,9
1419,kombida,3
1420,manmababa,1
1421,atadok-ñiha,1
1422,achaki-ta,4
1423,maila’,12
1424,fan,9
1425,fanhunta”,1
1426,hunta,1
1427,matå’pangi,1
1428,“nasion,3
1429,chamoru”,3
1430,nobenta,7
1431,mandanña’,3
1432,pasalista,2
1433,senator,7
1434,hope,5
1435,cristobal,5
1436,ron,3
1437,teehan,3
1438,opir,10
1439,organization,3
1440,people’s,1
1441,indigenous,1
1442,rights,3
1443,tan,4
1444,ritan,2
1445,manhagas,2
1446,a’atan,1
1447,manactivists,2
1448,70’s,1
1449,dungca,1
1450,wow,1
1451,labula,3
1452,manlahoben,1
1453,al,1
1454,lizama,1
1455,william,1
1456,hernandez,1
1457,tata’lo,1
1458,taotaogues,2
1459,tachuchuyi,1
1460,lengguåhi-ta,4
1461,bumonitu,1
1462,huntan-måmi,1
1463,resolusion,2
1464,kumple,1
1465,tano’-ta,7
1466,payon-ta,1
1467,ta’pångi,1
1468,manmanhula,1
1469,manmembro,1
1470,inetnon,2
1471,guinaiya-ta,2
1472,menta,1
1473,nina’lå’la’,2
1474,råsan,2
1475,enteru,6
1476,mundo,5
1477,tumutuhon,3
1478,råtu,6
1479,manmanews,1
1480,either,2
1481,pdn,2
1482,tribune,2
1483,mes,4
1484,coverage,1
1485,media,8
1486,gumogo’te,5
1487,spokesman,1
1488,lumassa,1
1489,asunto-ta,2
1490,dipotsi,22
1491,chumilong,3
1492,filosofia,3
1493,tungo,1
1494,mediabyte,1
1495,“åhe’,4
1496,payuni,2
1497,naturåt,4
1498,manhasso”,1
1499,malåte’,4
1500,boi,14
1501,muna’,5
1502,umadingu,2
1503,tres,24
1504,menhålomña,1
1505,puni,4
1506,intilente,1
1507,manhasso,3
1508,1033,1
1509,en,8
1510,måri,1
1511,debate,1
1512,guarante,1
1513,tinelleng,1
1514,fine’nena,1
1515,kuestion,5
1516,dåggao,9
1517,ineppe’-ña,1
1518,mumåri,1
1519,mina’sigundo,1
1520,antisisipa,1
1521,kuestion-mu,1
1522,umatan,1
1523,inatan-ña,1
1524,sinseru,2
1525,kado’,8
1526,“me’lu”,1
1527,“me’lu,3
1528,“kalan,2
1529,mannge’,7
1530,kombienu,1
1531,“sa’,3
1532,potno,6
1533,atborutu,1
1534,gagåsta,1
1535,tiempo-ku,2
1536,lina’lå’-ta,3
1537,todus,1
1538,ineppe’,1
1539,komunidå,5
1540,klåru,5
1541,a’gang,3
1542,tinituhon,4
1543,kumontra,1
1544,hinenggen-måmi,1
1545,kinentradidisi,1
1546,hinenggen-ñiha,3
1547,manmafa’nå’gue’-ñiha,1
1548,ai,9
1549,makkat,8
1550,chåppak,1
1551,mafa’nå’gue’-ña,1
1552,dinikeke’-ña,1
1553,ihemplo,3
1554,på’go“me’lu,1
1555,commercial,1
1556,role,2
1557,aids,1
1558,spell,1
1559,relief”,1
1560,“pues,2
1561,libre,1
1562,toto’a,3
1563,taotaogue,2
1564,kombieni,2
1565,tinituhon-ña,1
1566,hilo’,9
1567,tåno’,22
1568,tumunok,3
1569,kumahulo’,8
1570,manmanhongge,3
1571,fiet,6
1572,bidå-ña,5
1573,bidan-ñiha,2
1574,hinasso,1
1575,che’cho’-ña,4
1576,munå’i,1
1577,ånimu,2
1578,manetehnan,1
1579,kontinua,2
1580,prisente,3
1581,magof,1
1582,henerasion,4
1583,kinahulo’,2
1584,tetehnån-måmi,1
1585,mangahulo’,4
1586,kinalåmten,2
1587,piot,7
1588,militarization,1
1589,“no,3
1590,båba,9
1591,no”,1
1592,tituka’,2
1593,tumaimanu,3
1594,dumåggao,1
1595,hålom,20
1596,treintai,2
1597,sigundo,1
1598,mafaisen,2
1599,“siñot,1
1600,why,5
1601,what’s,1
1602,purpose,2
1603,protest”,2
1604,tiningo’-,1
1605,pumo’lo,1
1606,“nutshell”,1
1607,na’klåru,1
1608,publiku,3
1609,interview,1
1610,let’s,10
1611,yan-ñiha,4
1612,prolonged,1
1613,response,3
1614,espipiha,1
1615,“sensation”,1
1616,“sensationalization,1
1617,issue”,1
1618,chumo’gue,1
1619,mulassa,1
1620,na’siguru,7
1621,mensåhi,1
1622,linahyan,3
1623,ume’ekungok,2
1624,ume’egga’,1
1625,television,3
1626,mane’egga’,1
1627,news,2
1628,manmakubre,1
1629,manoppe’,3
1630,adumidide’,3
1631,manhuhuyong,1
1632,“maolek,2
1633,bidån-mimiyu,1
1634,kontinua”,1
1635,munånå’i,1
1636,manhobensitu,2
1637,“kontinua,1
1638,boi”,1
1639,dinida,1
1640,mismo,6
1641,mañe’lu-ta,10
1642,entre,22
1643,hinengge-ta,3
1644,individuat,2
1645,hinasso-ña,2
1646,mapoksai,3
1647,militåt,27
1648,fina’nå’gue’,1
1649,supoti,1
1650,sabit,3
1651,duda,8
1652,sistamento,1
1653,dadåggao,1
1654,tanteteha,3
1655,meggaiña,4
1656,tanteha,1
1657,mana’hålom,4
1658,åtmas,3
1659,military,9
1660,buildup,1
1661,fanmahåfot,1
1662,tåtme,1
1663,na’binenu,2
1664,kuestions,1
1665,maloloffan,1
1666,ilon,1
1667,activists,2
1668,titanos,1
1669,suppoti,1
1670,sin,10
1671,manmakseptån-,1
1672,matoktok,1
1673,ideha,3
1674,tumuge’,7
1675,solo,2
1676,mangga’chong-,1
1677,“oh,2
1678,kreditu,1
1679,minagåhet,4
1680,familiå-ña,1
1681,fumåna’,1
1682,mohon,3
1683,ånghet”,1
1684,manhihot,1
1685,huntån-måmi,1
1686,tumype,1
1687,tekngo’,1
1688,technology,2
1689,intelente,1
1690,umbres,1
1691,umeskuelå-ña,1
1692,awards,1
1693,“a”,1
1694,gradu-ña,1
1695,na’unu,1
1696,ha’åne’,2
1697,planuyi,4
1698,famprotest,2
1699,liberation,4
1700,parade,3
1701,fanatattiyi,1
1702,latte,5
1703,park,7
1704,masusedi,2
1705,tomhom,5
1706,iya,9
1707,fa’mamaolek,1
1708,manmunhåyan,1
1709,manasodda’,3
1710,ya-ña,5
1711,some,6
1712,individuåt,1
1713,“spiritual,1
1714,connection”,1
1715,anten,2
1716,lai,23
1717,siniente,1
1718,sinienten,1
1719,ante,1
1720,fin,2
1721,ha’åni,7
1722,protest,2
1723,egg’an,1
1724,proclamation,2
1725,birthright,1
1726,direcho-ta,1
1727,kumoloninisa,2
1728,estados,20
1729,unidos,30
1730,proklama,1
1731,enteret,1
1732,isla,17
1733,kontudu,2
1734,epesiatmente,1
1735,problemå-ta,1
1736,kinalåmten-ta,1
1737,dibision,1
1738,otganasion,2
1739,metgot,10
1740,chamou,1
1741,poddong,9
1742,respeton-måmi,1
1743,sitenta,1
1744,“new,2
1745,kid,2
1746,block”,2
1747,fanmafa’nå’gue’,1
1748,ñiega,1
1749,filosfian-ñiha,1
1750,mana’afa’maolek,2
1751,fatåni,1
1752,disatendi,1
1753,hineggen-ñiha,2
1754,bidån-måmi,2
1755,chile’,4
1756,escalator,1
1757,gua’ot,1
1758,che’gue,8
1759,che’cho’-,1
1760,nasiones,11
1761,united,2
1762,nations,2
1763,duru,19
1764,man’eyak,1
1765,apella,1
1766,hungok,8
1767,manmakoloninisa,1
1768,fuetsån,1
1769,sisteman,1
1770,gobietno,20
1771,manhinengang,2
1772,estoriå-ta,1
1773,mambinaba,1
1774,manyinaba,1
1775,atension-ñiha,1
1776,“ai,7
1777,agon,1
1778,masusesedi,1
1779,demokrasia,3
1780,nasion”,1
1781,“kontradiksion”,1
1782,filosofian,3
1783,life,2
1784,liberty,1
1785,pursuit,1
1786,happiness,1
1787,precepts,1
1788,democracy,1
1789,lokkkue’,1
1790,chalan-ñiñiha,1
1791,internal,1
1792,land,13
1793,trust,11
1794,act,6
1795,federal,5
1796,excess,1
1797,properties,1
1798,language,4
1799,mandate,1
1800,toxic,3
1801,chemical,3
1802,waste,3
1803,sites,3
1804,federåt,2
1805,na’hålom,11
1806,båtko,6
1807,soil,1
1808,tulalaika,1
1809,dururu,2
1810,“wow,1
1811,manwell-,1
1812,rounded”,1
1813,murepresenta,1
1814,mainapella,1
1815,strategy,3
1816,mahatma,5
1817,gandhi,5
1818,stategy,4
1819,struggle-ñiha,1
1820,mandela,1
1821,martin,2
1822,luther,1
1823,king,1
1824,lepblo,2
1825,lepblo-ña,2
1826,mandela”,1
1827,inedukan,1
1828,maisan,1
1829,achaken,1
1830,numå’i,1
1831,didide’,9
1832,båla,1
1833,taiguenao,7
1834,“nonviolent,1
1835,strategy”,1
1836,however,1
1837,mobimentu,1
1838,pruklalåma,1
1839,non-violent,1
1840,macho’cho’,4
1841,mama’che’cho’,3
1842,konfesåt,1
1843,kustumbre-ta,2
1844,muna’bubu,1
1845,ingrained,1
1846,hagå’-ta,1
1847,mambuskaplaito,1
1848,ilek-mu,3
1849,2617,1
1850,isa,3
1851,echa,1
1852,“to,1
1853,provoke,3
1854,response”,1
1855,any,2
1856,galoppe,2
1857,kellat,3
1858,tiyan,8
1859,handcuff,4
1860,chu’ot,1
1861,chini’ut,5
1862,manembeste,1
1863,marine,1
1864,tola’i,2
1865,chinchi’ot,1
1866,chinichi’ot,1
1867,na’mafñot,1
1868,hålla,5
1869,tåtten,1
1870,kannain,1
1871,ga’lågu,3
1872,galagitu,2
1873,månso,5
1874,chonnek,1
1875,rinkon,1
1876,gå’ga’,8
1877,dekka’,1
1878,ga’ga’,4
1879,uyu,1
1880,dumaddao,1
1881,guarantee,5
1882,gumalute’,1
1883,fanhongge,2
1884,manåkka’,1
1885,nungka,1
1886,mantaotao,1
1887,haʻ,1
1888,mampos,7
1889,este”,6
1890,na’hånao,2
1891,umaresta,1
1892,“mamatkilu,1
1893,ha’”,3
1894,chogue,1
1895,fanoppe’,2
1896,ma’aresta,2
1897,madåggao,4
1898,tribunåt,1
1899,mabidå-ña,2
1900,tomtom,2
1901,pacha,2
1902,2818,1
1903,inakka’,2
1904,mumentos,1
1905,sigundu,1
1906,achåki,3
1907,stratagen,1
1908,nonviolent,5
1909,scuffle,1
1910,“there,1
1911,scuffle”,1
1912,maneståba,4
1913,route,2
1914,3a,1
1915,tupa,2
1916,sentry,1
1917,guard,3
1918,manma’aresta,3
1919,“ti,5
1920,nonviolente,1
1921,violent,1
1922,matupa,1
1923,shield,3
1924,bidån-måmåmi,1
1925,dispensa’,5
1926,300-pound,1
1927,tumotpe,1
1928,isao-ña,1
1929,barigona,1
1930,malago’-ña,5
1931,tano’-ña,1
1932,strageden,1
1933,kon,2
1934,aksion,1
1935,manmaleffa,1
1936,gumuaiya,6
1937,mamommokat,3
1938,biblia,1
1939,kumukukula,1
1940,kuånto,2
1941,jesu,1
1942,kristo,2
1943,bipblia,2
1944,gumuiaya,1
1945,klåba,1
1946,kilu’os,2
1947,yu’os-ta,2
1948,maklåba,1
1949,kuatstaria,1
1950,na’,4
1951,really,9
1952,literally,1
1953,mision-måmi,1
1954,che’cho’-ñiñiha,1
1955,manmafa’nana’an,1
1956,“manengage”,1
1957,“low,1
1958,flight”,1
1959,manunok,2
1960,f-15,3
1961,f-14,1
1962,maleffa,3
1963,batkon,7
1964,aire,3
1965,låmita,2
1966,karera,2
1967,miya,1
1968,maninestototba,1
1969,hotel,3
1970,manmatå’chong,2
1971,planunuyi,1
1972,mamprotest,2
1973,kalamtitini,1
1974,na’na’lo,2
1975,nangga,5
1976,lowflight,1
1977,training,7
1978,“håfa,11
1979,tå,1
1980,ayu”,2
1981,package,1
1982,issues,1
1983,na’påra,4
1984,low,7
1985,exercises,4
1986,diposti,1
1987,sustansiå-ña,1
1988,sodda’,10
1989,airflights,1
1990,la,3
1991,fañodda’,2
1992,siudå,8
1993,konfotme,2
1994,san,5
1995,francisco,3
1996,manlow,1
1997,manengage,1
1998,flying,1
1999,city,1
2000,lights,1
2001,ågang,11
2002,mayor,2
2003,“can,1
2004,tell,1
2005,otherwise,1
2006,we’ll,1
2007,president”,1
2008,guaiya,2
2009,guinaiya-ku,1
2010,mamaigo’,1
2011,manmamaigo’,2
2012,mafåtto,4
2013,hinasso-ta,1
2014,aksidente,1
2015,crash,1
2016,talolo’,3
2017,exercise-ñiha,2
2018,binabå-ña,1
2019,engage,1
2020,flights,3
2021,housing,3
2022,ayek,13
2023,sengsong,5
2024,base,3
2025,engagements,1
2026,barigåda,5
2027,danche,1
2028,hongge,5
2029,navy,7
2030,umågang,3
2031,generat,1
2032,heneråt,1
2033,sir,1
2034,nuisance,2
2035,us”,1
2036,mañåsaga,2
2037,balutan,3
2038,chånsa,2
2039,na’i,5
2040,oras,2
2041,adai,2
2042,manggung-ho,1
2043,placards,1
2044,step,2
2045,notch,2
2046,higher,1
2047,gallope,1
2048,break,2
2049,lai-ñiha,1
2050,trespass,3
2051,fanggaige,1
2052,media”,1
2053,talo’åni,2
2054,malatitira,1
2055,mama’estro,1
2056,momentu,4
2057,gallope”,1
2058,pula’,4
2059,3455,1
2060,hinasson-måmi,1
2061,gellepe,1
2062,manmakatdume,1
2063,security,6
2064,enteramente,1
2065,gpd,3
2066,“sieze,1
2067,unit”,1
2068,na’chalek,2
2069,seize,1
2070,unit,3
2071,mambula,4
2072,sumuppote,1
2073,sapblåsos,1
2074,påddet,1
2075,asphalt,1
2076,humandcuff,1
2077,“che’lu,1
2078,chocho’gue”,1
2079,“okay”,1
2080,chi-ña,1
2081,suppote,2
2082,kuråson,1
2083,tinago’,2
2084,civilian,2
2085,manmafile,2
2086,charges,3
2087,justice,2
2088,judicial,2
2089,system,7
2090,kotte,6
2091,behold,1
2092,atungo’-måmi,1
2093,manggosatungo’,2
2094,abugao,6
2095,manhami,2
2096,law,8
2097,grupun,1
2098,“chamorro”,4
2099,sumåtba,1
2100,separåt,1
2101,hekse,2
2102,direchon-måmi,1
2103,direcho-ña,1
2104,siudadånu,1
2105,sigon,2
2106,“constitution”,1
2107,“constitutional,1
2108,right,2
2109,manmadrop,2
2110,case,1
2111,manmadåggao,1
2112,manmakalabosu,1
2113,gånna,2
2114,siñot,3
2115,attorney,2
2116,philips,5
2117,counsel-måmi,1
2118,che’lon-måmi,1
2119,therese,2
2120,terlaje,1
2121,bordallo,10
2122,judge,5
2123,matatå’chong,2
2124,ayudu,1
2125,field,2
2126,supoppote,1
2127,ma’åse’,5
2128,manggallope,1
2129,yeah,6
2130,manmanggallope,1
2131,manmalåte’,1
2132,nsa,10
2133,national,3
2134,agency,3
2135,pa’go,2
2136,karetå-ña,1
2137,civilians,1
2138,mantintint,1
2139,police,5
2140,sahge,1
2141,chechek,1
2142,bases,2
2143,representåten,1
2144,germany,21
2145,manu,5
2146,manmastation,1
2147,germany’s,1
2148,public,4
2149,pås,2
2150,kubre,3
2151,necessidåt-ñiha,1
2152,fanma’aresta,1
2153,manma’aligao,1
2154,yon-ñiha,3
2155,homework-ñiha,1
2156,dave,1
2157,sablan,4
2158,rumbo,1
2159,talulu’i,1
2160,lilok,1
2161,manleaders,1
2162,manma’espiha,1
2163,fanmaresta,1
2164,manmasotta,1
2165,ilelek-ña,1
2166,sangan,1
2167,aresta,4
2168,na’tinattiyi,1
2169,na’tattiyi,1
2170,selective,1
2171,mover,1
2172,shaker,1
2173,once,4
2174,eliminate,2
2175,factor,1
2176,group,2
2177,“catalyst”,1
2178,na’suha,1
2179,catalyst,1
2180,mandagi,2
2181,kontinunua,1
2182,gue’,1
2183,linachi,1
2184,think,13
2185,tank-ñiha,1
2186,iyo-ñiha,1
2187,tank,1
2188,“ma,1
2189,move,11
2190,pawn-,1
2191,ñiha”,1
2192,“move,1
2193,pei,2
2194,påsa,4
2195,lokkue’”,2
2196,checkmate,1
2197,hinasson-,1
2198,ñiñiha,1
2199,rigålu,2
2200,manaitai,2
2201,lost,4
2202,great,1
2203,faloffan,1
2204,eskalera,3
2205,gogo’te,1
2206,compatibility,1
2207,må’gas,1
2208,can’t,3
2209,compare,1
2210,anyone,2
2211,mumuyi,1
2212,realisa,1
2213,act”,3
2214,åkto,7
2215,sitentai,5
2216,plumanuyi,1
2217,paul,2
2218,huchom,6
2219,maipe’,4
2220,sungon,2
2221,uh,2
2222,pot,1
2223,takhilo’,3
2224,unos,4
2225,mantakhilo’,1
2226,establisa,1
2227,lujan,3
2228,senadot,6
2229,mannatibu,3
2230,former,1
2231,ofisinå-ña,1
2232,laknos,4
2233,bentåha,1
2234,idåt-ña,1
2235,disiocho,1
2236,libri,2
2237,fanaplikå,1
2238,guålo’,1
2239,såga,3
2240,guma’-ña,1
2241,fanhåtsa,2
2242,gumå’-ña,2
2243,manmapåsa,1
2244,manmaimplementa,1
2245,naison”,1
2246,“yeah,1
2247,tachuyi”,1
2248,presenta,1
2249,“petition,1
2250,implementation,1
2251,liliku’i,1
2252,manmatatå’chong,1
2253,guahu,1
2254,minision,1
2255,malitira,1
2256,kampåna,2
2257,manrikokohi,1
2258,petition,1
2259,signature,1
2260,ma’implementå-ña,1
2261,rikohu,1
2262,signatures,1
2263,finetman,1
2264,“båsta,1
2265,nahong,5
2266,nihi,2
2267,liheslatura”,1
2268,liheslatura,7
2269,masiesiente,1
2270,kinalåmten-ñiñiha,1
2271,gråbe,1
2272,fåna’,2
2273,manmåtcha,1
2274,prisenta,1
2275,“defense,1
2276,mode”,1
2277,senadots,1
2278,dumanche,1
2279,approach,1
2280,hatme,1
2281,tampe,1
2282,todududu,2
2283,maninespånta,1
2284,manmå’gas-ta,1
2285,“okay,3
2286,draft,2
2287,bill,6
2288,na’fitma,1
2289,umimplementa,1
2290,taotao-ta”,1
2291,mumahettok,4
2292,mapåsa,1
2293,argument,1
2294,necessario,2
2295,tuma’yok,2
2296,tåno’-ña,1
2297,“nangga,3
2298,nåya,6
2299,gumupu,3
2300,umbe”,1
2301,miyas,3
2302,ånakko’,2
2303,ocho,4
2304,åncho,1
2305,fanmanå’i,3
2306,taotao”,1
2307,sustansia-ña,2
2308,“yanggen,1
2309,notte,11
2310,marianas”,1
2311,kualifika,1
2312,homestead,2
2313,manrefaluwasch,1
2314,marianas,11
2315,chamoron,3
2316,sustansia,1
2317,“ayugue,1
2318,atgumento,3
2319,lågu,1
2320,prohibi,1
2321,kuatstatria,2
2322,håyi”,1
2323,belau,2
2324,nuebu,6
2325,residente,1
2326,presidenten,1
2327,manggåggao,1
2328,tano’-miyu,1
2329,lai”,1
2330,taotao-ña,1
2331,muchomås,1
2332,council-måmi,1
2333,ganna,3
2334,“governor’s,1
2335,governor’s,1
2336,office”,1
2337,anigua,1
2338,dihas,5
2339,dinira,1
2340,kumombense,1
2341,maga’låhi,3
2342,implementaya,1
2343,baba,6
2344,kenne’,2
2345,implementa,3
2346,muespiha,1
2347,rikohi,1
2348,tutuhon-ña,2
2349,adminstrasion,1
2350,to’a,1
2351,falågu,2
2352,mina’dos,2
2353,ma’ilihi,1
2354,momento,1
2355,ma’,1
2356,ilihi,1
2357,dumanña’,1
2358,chumule’,1
2359,muna’fanmatå’chong,1
2360,board,4
2361,commission,2
2362,aplikåsion,1
2363,manmåcha,1
2364,makampout,1
2365,meses,8
2366,sagan-måmi,1
2367,sakrifisiu,1
2368,tiempoya,1
2369,siniente-ña,1
2370,kekeassiste,1
2371,muma’gågåsi,1
2372,afuetsas,1
2373,pumåtte’,1
2374,sakrifisio,1
2375,manma’empåtte,1
2376,tåno,2
2377,famagu’on-ta,3
2378,indian,3
2379,reservation,2
2380,strictly,1
2381,exclusively,1
2382,american,7
2383,natives,1
2384,prugramma,1
2385,hawaiian,1
2386,k,9
2387,mandanderu,1
2388,mandidok,1
2389,west,3
2390,ucla,1
2391,finakpo’,3
2392,simåna,7
2393,santa,2
2394,monica,1
2395,lawschool,1
2396,tihu-ña,1
2397,ricky,2
2398,governor,9
2399,82,1
2400,commonwealth,4
2401,conference,1
2402,atungo’,1
2403,umatungo’,1
2404,gumang,1
2405,manera”,1
2406,maneran,1
2407,såtba,1
2408,minaolek-ta,1
2409,fångge’”,1
2410,mångge’,4
2411,lå’la’,5
2412,mayuriha,6
2413,tinige’-måmi,3
2414,“drugs”,1
2415,drug,1
2416,problems,1
2417,fafåna’,1
2418,“federales”,2
2419,machule’guan,1
2420,pruhibi,1
2421,lengguåhi,3
2422,osino,1
2423,“tumuge’,1
2424,åmot”,1
2425,“,2
2426,lennon,4
2427,mccartney,1
2428,mccartney”,2
2429,humitde,1
2430,pakeketi,1
2431,na’funhåyan,1
2432,famå’tinas,1
2433,plakå-ta”,1
2434,instrumentu,1
2435,disembre,2
2436,cd,4
2437,na’huyong,4
2438,trabiha,5
2439,muna’huyong,1
2440,na’fine’nana,1
2441,na’plåkan,1
2442,kini,3
2443,wax,3
2444,guaguaha,2
2445,plakån,1
2446,cds,2
2447,cassettes,2
2448,“one,1
2449,wonder”,1
2450,uttimo,3
2451,diferentes,3
2452,lina’la’-,1
2453,konsigi,2
2454,mumaestro,1
2455,gagaige,3
2456,fi’on-måmi,1
2457,achåken-måmi,1
2458,fafana’,1
2459,manempåtte,1
2460,membro,2
2461,members,1
2462,blas,1
2463,kakanta,1
2464,chief,2
2465,fred,1
2466,keyboard,1
2467,suba,2
2468,captain,4
2469,asaguå-ña,3
2470,jolene,1
2471,female,1
2472,singer,1
2473,“mandisatentu,1
2474,hamyo”,1
2475,titige’,1
2476,atista,2
2477,tutuge’,1
2478,siniente-mu,1
2479,achåkka,1
2480,“imagine”,1
2481,palabrås-ña,1
2482,agradesi,3
2483,tinige’-mu,1
2484,siente,8
2485,mobimento,1
2486,introdusi,1
2487,lehislasion,1
2488,27-147,1
2489,decolonization,2
2490,maninteresao,1
2491,dinanña’-ta,1
2492,obligåsion-ñiha,2
2493,tritås,1
2494,mafitma,1
2495,“non,2
2496,self-governing,4
2497,territories”,2
2498,lista,3
2499,prakitiki,1
2500,5806,1
2501,ehihihi’,1
2502,cho’cho’,3
2503,supote,1
2504,mapaså-ña,1
2505,munåi’i,1
2506,fuetsa,1
2507,ahensian,1
2508,edukasion,3
2509,estao,13
2510,pulitikåt,7
2511,era,6
2512,independensia,9
2513,association,4
2514,affiliation,2
2515,“statehood”,1
2516,trites-ñiha,2
2517,på’gogo,1
2518,kontråta,1
2519,inayek-måmi,1
2520,inayek-ña,1
2521,inespehos,1
2522,fitma,1
2523,chechennek,1
2524,obligåsion-ña,1
2525,micronesia,2
2526,republic,2
2527,marshalls,5
2528,fsm,4
2529,palau,4
2530,mampoddong,1
2531,numero,1
2532,muna’diferensia,1
2533,different,5
2534,non,1
2535,listing,1
2536,states,2
2537,manindependensia,2
2538,africa,1
2539,indonesia,1
2540,bulaña,1
2541,under,2
2542,opposed,1
2543,hehekse,2
2544,direchon-ñiha,2
2545,release,2
2546,kinse,2
2547,east,2
2548,timor,1
2549,banderån,1
2550,virgin,1
2551,islands,2
2552,samoa,1
2553,kontråtan-,1
2554,iduka,1
2555,botasion,1
2556,kumekeilekña,1
2557,malago’-hu,4
2558,statehood,3
2559,prisentete,1
2560,obligåsion-,1
2561,authoridåt,2
2562,“manmafatatåni,1
2563,hit”,1
2564,manmadisatetende,1
2565,“po’lo,4
2566,kakaiha’”,1
2567,kakaiha’,1
2568,ngai’an,6
2569,fanto’a,1
2570,ilelek-ta,1
2571,mambanidosu,1
2572,mediku,4
2573,pulitikåt-ñiha,1
2574,nanalao,1
2575,“ee,1
2576,chamoru-ta,2
2577,dentista,1
2578,mamprofesåt,1
2579,mamprofesionåt,1
2580,pusision”,1
2581,direcho-mu,1
2582,pusision-mu,1
2583,manhongge,1
2584,petsonatmente,1
2585,konsensian,1
2586,makomprende,1
2587,tattiyi,8
2588,ma’ayek,1
2589,na’chu’ot,1
2590,perfekto,2
2591,tai,2
2592,inayek-ñiha,1
2593,personåt,2
2594,telebikbik,1
2595,opinion-hu,3
2596,fafaisen,4
2597,mamåhlao,1
2598,gupuputi,1
2599,july,1
2600,4th,1
2601,silelebra,1
2602,tatån-ñiha,1
2603,nanån-ñiha,1
2604,inglatera,1
2605,siete,1
2606,diklåra,1
2607,residånte,1
2608,sotta,3
2609,fanlibre,1
2610,kuestion-,1
2611,kåtne-mu,1
2612,taña’,2
2613,mala’et,1
2614,kombiene,1
2615,tattiti,1
2616,personatmente,2
2617,siniente-ku,4
2618,bira,4
2619,ilek-ñiñiha,1
2620,kings,4
2621,saina-ta,1
2622,ginaggao,1
2623,relihion-ta,1
2624,mankatoliku,1
2625,protestånte,1
2626,hinengge-mu,2
2627,esprituat,1
2628,konsensiå-mu,1
2629,inayek-mu,1
2630,ilelek-hu,3
2631,kuråson-mu,1
2632,anti-mu,1
2633,pågan,3
2634,“military,1
2635,exercises”,1
2636,espesiatmente,2
2637,bombing,5
2638,piniti,3
2639,destrosa,3
2640,disiseis,2
2641,banderan,1
2642,chamorron,4
2643,umentalo’,1
2644,puti,1
2645,haga’,1
2646,entalo’,3
2647,achåken-ñiha,1
2648,hinengge-ku,1
2649,archipelago”,1
2650,“marianas”,1
2651,islas,1
2652,kadena,1
2653,manggguello-ta,1
2654,manmasipåra,1
2655,pulitikåt-ta,1
2656,dumibidi,2
2657,mangkoloninisa,1
2658,islan,2
2659,bomba,2
2660,19,2
2661,sisenta,3
2662,vietnam,22
2663,praktitika,2
2664,no’os,3
2665,farallon,2
2666,de,2
2667,medinilla,2
2668,orinåt,1
2669,antigoyan,1
2670,sagrådu,2
2671,sågradu,1
2672,u’usa,1
2673,sospecha,1
2674,manantigu,1
2675,mangguello-ta,2
2676,proa,1
2677,fandeskånsa,1
2678,tali,3
2679,håtme,1
2680,proan-ñiha,1
2681,paki,6
2682,intension-ña,1
2683,madestrosa,2
2684,påluma,2
2685,chonchon,1
2686,haggan,9
2687,guihan,9
2688,rubentason,1
2689,papångpång,1
2690,nåpu,2
2691,egga’,3
2692,adahi,4
2693,manggugupu,2
2694,pininiti,3
2695,piniti-ña,1
2696,hinengge-,1
2697,ku,4
2698,islå-ta,1
2699,guello-ta,2
2700,kombinse,1
2701,manmå’gas,2
2702,“håyi,2
2703,bisnes-mu,1
2704,hao”,3
2705,achåka,1
2706,chatli’e’,1
2707,gagaggao,1
2708,analisa,2
2709,dinuebu,1
2710,ga’o-ku,2
2711,na’fåkpo’,1
2712,“time,1
2713,tunnel”,1
2714,che’cho’-ta,2
2715,manmagof,3
2716,tutuho’,1
2717,lago-ña,1
2718,disision,1
2719,militåt”,1
2720,dump,1
2721,sanhaya,1
2722,manmadisclose,1
2723,na’gagasgas,3
2724,applacha’-ñiha,1
2725,hanom,1
2726,yo-ta,3
2727,aquifer,2
2728,manggimmen,1
2729,hånom,5
2730,“no”,1
2731,enough,3
2732,sakrifisia,1
2733,manmamaila’,1
2734,neni,2
2735,manmafañåñågu,1
2736,na’magof,2
2737,conduct,1
2738,exercise,1
2739,other,4
2740,words,1
2741,martha’s,2
2742,vineyard,2
2743,sstados,1
2744,anakko’-ta,1
2745,dångkolo’ña,1
2746,sedi,1
2747,test,6
2748,nuclear,2
2749,bombs,3
2750,manhongge’,1
2751,“environmental,1
2752,racism”,1
2753,meaning,2
2754,applacha’-hu,1
2755,mannecessita,4
2756,manma’usa,2
2757,bikini,2
2758,hydrogen,1
2759,downwinders,1
2760,chetnot-ta,1
2761,manmapåkpåk,1
2762,ekspererensia,1
2763,minalångu,2
2764,kansit,1
2765,thyroid,1
2766,cancer,1
2767,klåsi,6
2768,diabetes,1
2769,manmafañåñagu,1
2770,askepta,1
2771,minalago’-ña,1
2772,yu’os”,3
2773,hinegge-ku,1
2774,rosario,2
2775,alvarez,5
2776,father,1
2777,agustin,2
2778,maternal,1
2779,side,2
2780,maiden,1
2781,concepcion,1
2782,camacho,5
2783,grandmother,2
2784,vicenta,2
2785,flores,3
2786,siguru,3
2787,yo-ku,30
2788,mamarientes,1
2789,manguekuentos,2
2790,ping,5
2791,duenas,1
2792,sumangåni,1
2793,mamparientes,2
2794,mamikåru,1
2795,nubembre,4
2796,great-great,1
2797,grandfather,4
2798,guello,1
2799,garrido,2
2800,humahålom,1
2801,lini’e’-hu,1
2802,sen,2
2803,tiempon-måmi,4
2804,mangakahulo’,1
2805,mamfa’na’gue’-,1
2806,kustumbre,5
2807,kariñoso,1
2808,dimasiao,3
2809,makariñu,1
2810,na’ån-husi,1
2811,kariñosu,1
2812,wrong,1
2813,respetu,6
2814,bentanå-mu,1
2815,pettan,2
2816,gimå’-mu,1
2817,tåtnai,5
2818,mahåtme,1
2819,gimå’-ña,2
2820,masakkenguan,1
2821,manaiguini,1
2822,kinemprende-ku,1
2823,ma’a’go,1
2824,manma’a’go,1
2825,guenao,9
2826,annok,4
2827,diferensiao,1
2828,marinu,2
2829,1918,1
2830,retired,4
2831,1931,2
2832,pesos,3
2833,gagånna,1
2834,manhåtsa,2
2835,tendå-ña,1
2836,businessman,1
2837,sign,2
2838,receipt,1
2839,apåpåsi,1
2840,fåhan,2
2841,tenbat,1
2842,grandmother’s,1
2843,grandfather’s,1
2844,poppo,1
2845,simento,2
2846,atof-ña,1
2847,pisu,1
2848,ifit,2
2849,mafa’tinasi,1
2850,kusina,2
2851,separao,1
2852,main,1
2853,lina’la’-måmi,2
2854,hinasso-ku,4
2855,kopble,1
2856,mana’ayuda,2
2857,peskadot,3
2858,suette,3
2859,bisinu,2
2860,gualo’-mu,1
2861,krismas,2
2862,mankristian,1
2863,fanmanhåtsa,1
2864,saguale’,1
2865,temporario,1
2866,hongang,1
2867,ågao,1
2868,utot,4
2869,haligen,2
2870,li’e,1
2871,hekkua’,7
2872,eksperensia,2
2873,klasen,1
2874,trongko’,1
2875,necessidåd-ña,1
2876,tengguang-hu,1
2877,kilisyånu,1
2878,malingu,5
2879,november,1
2880,2nd,3
2881,december,2
2882,oktubre,1
2883,birthday-ku,1
2884,ofisiat,3
2885,manmaship,1
2886,bisinu-hu,1
2887,manatkikila,1
2888,manhugåndo,1
2889,batko,4
2890,fanmåtto,3
2891,dependents,1
2892,amerika,1
2893,lachi,4
2894,documents,1
2895,7th,2
2896,hawaii,1
2897,radar,1
2898,its,7
2899,embryonic,1
2900,stage,1
2901,airen,1
2902,o’ahu,1
2903,hawai’i,5
2904,atendi,6
2905,mareport,1
2906,kulan,47
2907,råson,2
2908,mana’fañuha,1
2909,grånu,2
2910,sopbla,1
2911,estotba,2
2912,guatu,1
2913,manggaisalåpe’,1
2914,bomb,2
2915,anyway,4
2916,dura,1
2917,apra,1
2918,harbor,1
2919,“para,3
2920,fañuha,1
2921,gima’-miyu”,1
2922,tihu-hu,3
2923,umasaguan,2
2924,che’lon,3
2925,tun,4
2926,ben,1
2927,crisostomo,1
2928,leyang,1
2929,piao,2
2930,siguramente,1
2931,manmalaknos,1
2932,manmatågo’,1
2933,band,1
2934,kumekeilek-ña,2
2935,hulat,1
2936,manaklalo’,1
2937,lahi-hu,1
2938,bobby,1
2939,chosen”,1
2940,korean,4
2941,“chosen”,1
2942,marines,5
2943,mamparehu,3
2944,los,1
2945,uttimos,1
2946,manmalamåña,1
2947,mana’sumasaonao,1
2948,fanmanyabbao,1
2949,mana’facho’cho’,1
2950,naval,1
2951,“tolle”,1
2952,anakko’,1
2953,dosse,1
2954,pie,1
2955,net,2
2956,sampapa’,2
2957,kumakåtga,2
2958,puntan,2
2959,popo’lo,1
2960,acho’,1
2961,chumuchuda’,1
2962,runway,2
2963,ramas,1
2964,håyu,1
2965,meme’me’,1
2966,mapannanak-ña,1
2967,grasia,1
2968,dios,1
2969,måhlok,1
2970,na’maolek,2
2971,guåka’,5
2972,guinahan-måmi,1
2973,koban,1
2974,ga’-ña,1
2975,mana’manlalålo’,1
2976,få’om,1
2977,tåta-hu,1
2978,mahåga’,2
2979,tatalo-ña,1
2980,umessalao,2
2981,puti”,1
2982,tatalo’-ña,2
2983,pedron,1
2984,chebbot,1
2985,inamte’,1
2986,healed,1
2987,chetnot-ña,1
2988,exploit,1
2989,manmachule’,1
2990,artero,1
2991,sii,1
2992,sogro-ku,1
2993,200,1
2994,acres,1
2995,ande,2
2996,kontratå-,1
2997,according,1
2998,father-in-law,2
2999,boo,1
3000,mapresu,1
3001,tano’-mu,1
3002,åpmam,4
3003,atrassao,2
3004,ma’usa,1
3005,marelelease,1
3006,manfåtso,1
3007,amerikanu,1
3008,fino’-ñiha,1
3009,kumontråta,1
3010,hahasso,4
3011,na’libre,1
3012,nai”,5
3013,appreciate,3
3014,died,1
3015,7000,1
3016,liberate,2
3017,amerikan,1
3018,nationals,1
3019,b-29”,1
3020,inatatan-mu,1
3021,palabrå-hu,1
3022,fanggåggao,1
3023,dispensåsion,1
3024,eskuelå-hu,2
3025,orders,5
3026,army,6
3027,madraft,7
3028,close,1
3029,amigu-hu,1
3030,tolle,1
3031,gigon,9
3032,korea,3
3033,mapuno’,1
3034,lame’,1
3035,atungo’-hu,1
3036,through,4
3037,stroke,1
3038,luck,1
3039,airforce,2
3040,fanhålom,1
3041,lameggai,1
3042,manmatest,2
3043,bumanidodoso,1
3044,pumass,1
3045,pre-entry,1
3046,banidå,1
3047,sasångan,1
3048,serial,3
3049,five,1
3050,numbers,1
3051,tatåtte,1
3052,10736878,1
3053,1951,2
3054,amerikano,1
3055,results,1
3056,ged,1
3057,“highly,1
3058,mechanical,1
3059,inclined”,2
3060,“mechanically,1
3061,aircraft,4
3062,mechanic,4
3063,b-29,2
3064,“sergeant,3
3065,coffee”,2
3066,i’ll,1
3067,forget,4
3068,sergeant,20
3069,won’t,1
3070,closest,1
3071,i’ve,3
3072,seen,1
3073,five-man,1
3074,canoe”,1
3075,“this,1
3076,complicated,1
3077,beyond,1
3078,“son,1
3079,hangar,1
3080,will,1
3081,also,6
3082,read,1
3083,technical,2
3084,pertaining,2
3085,hydraulic,1
3086,engine,3
3087,oil,1
3088,everything”,1
3089,“laña’,3
3090,ga’chong,1
3091,mambumachocho,1
3092,mapromote,10
3093,become,4
3094,humåhålom,2
3095,bidå-hu,1
3096,hour,5
3097,everybody,3
3098,400,1
3099,goes,2
3100,stayed,1
3101,reading,1
3102,guy,1
3103,worked,1
3104,tech,2
3105,hawk,1
3106,mcoic,1
3107,inner,1
3108,flight,3
3109,like,10
3110,gambaleru,1
3111,yo-,5
3112,pitch,1
3113,quarters,1
3114,wall,1
3115,muna’promote,1
3116,box,2
3117,minaolek,1
3118,inayek-hu,1
3119,cho’cho,1
3120,håssan,1
3121,2606,1
3122,pinatfamilia,1
3123,mahihire,1
3124,government,3
3125,neccesita,1
3126,hihire,1
3127,roswell,1
3128,new,3
3129,mexico,1
3130,state,3
3131,agent,1
3132,manespipiha,1
3133,mr,1
3134,guenao”,1
3135,“kao,3
3136,rason,3
3137,siñot”,1
3138,“puru,1
3139,apaka’”,1
3140,“you,1
3141,why”,1
3142,fear,2
3143,hurt,2
3144,anybody,3
3145,serving,1
3146,country”,1
3147,bangor,2
3148,maine,5
3149,looking,3
3150,lady,1
3151,has,7
3152,five-bedroom,1
3153,hundred,2
3154,dollars,2
3155,month,1
3156,“are,1
3157,puerto,1
3158,rican”,1
3159,ma’am,1
3160,not”,1
3161,said,5
3162,“we,1
3163,rent,1
3164,black,5
3165,people”,1
3166,glad,1
3167,pope,2
3168,gays,1
3169,mentality,1
3170,forgive,2
3171,perhaps,1
3172,maybe,3
3173,everyone,1
3174,prejudicial,1
3175,feelings,1
3176,color,1
3177,dress,2
3178,shirt,2
3179,race,1
3180,signed,1
3181,still,4
3182,signs,1
3183,civil,1
3184,violations,1
3185,mastation,2
3186,biha,1
3187,inestotba,4
3188,--,1
3189,asaguå-hu,5
3190,1962,1
3191,ma’aturåt,1
3192,na’lå’la’,1
3193,makina,1
3194,sugon,1
3195,chek,3
3196,engines,1
3197,manmafa’maolek,1
3198,taxi,1
3199,bidadå-hu”,1
3200,always,2
3201,late,2
3202,find,3
3203,down,5
3204,poor,2
3205,promoted,1
3206,“siña,1
3207,compassionate,2
3208,manengheng,1
3209,52,1
3210,below,1
3211,zero,1
3212,boy,1
3213,should,1
3214,parka,2
3215,thermal,3
3216,boots,1
3217,socks,1
3218,underwear,1
3219,walking,1
3220,gee,1
3221,heavy,1
3222,asagua-hu,1
3223,3035,1
3224,51,1
3225,62,1
3226,11,2
3227,already,1
3228,“sungon,1
3229,best,1
3230,advice,1
3231,ever,3
3232,gotten,1
3233,wife,1
3234,hospitalization,1
3235,burial,1
3236,commissary,1
3237,privileges,1
3238,privilege,1
3239,june,1
3240,1971,2
3241,42,2
3242,43,1
3243,ago,1
3244,collected,1
3245,money,1
3246,paid,1
3247,off,2
3248,kosas,2
3249,mappot,2
3250,$30000,1
3251,fa’titinas,1
3252,40,1
3253,matråten-,1
3254,manmakombida,1
3255,ball,2
3256,makuentusi,1
3257,magradesi,1
3258,maguaiya,1
3259,ora,4
3260,macho’gue,1
3261,malili’e’,1
3262,bumachacho,1
3263,catholic,1
3264,private,1
3265,businesses,1
3266,cliques,2
3267,belong,1
3268,clique,1
3269,advance,1
3270,ma’assign,12
3271,mareassign,3
3272,edwards,2
3273,california,2
3274,near,1
3275,lancaster,1
3276,mannangga,1
3277,airman,1
3278,proficiency,1
3279,report,1
3280,excellent,1
3281,sångani,1
3282,sensiguru,1
3283,siniente-ta,1
3284,manna’ma’ase’,1
3285,manåtilong,1
3286,mapo’lo,1
3287,sagan,3
3288,manåpaka’,1
3289,atilong,1
3290,barracks,3
3291,tåhdong,3
3292,mafa’nå’gue’-ta,1
3293,taotao-,1
3294,tuge’,1
3295,apr,1
3296,laña’,6
3297,makombida,2
3298,gathering,1
3299,class-a,2
3300,uniform,2
3301,full,1
3302,liked,1
3303,wear,1
3304,ties,1
3305,bothered,1
3306,does,1
3307,mambolabola,1
3308,manggofnice,1
3309,me’nå-mu,1
3310,tåtte-mu,1
3311,asaguå–hu,1
3312,båba”,1
3313,taotaogue”,1
3314,mañiente,1
3315,lamaolek,1
3316,promote,1
3317,minor,3
3318,sangågåni,1
3319,tata-hu,1
3320,“tåya’,2
3321,salåpe’-ñiha,1
3322,mañisiha,1
3323,batko”,2
3324,stewards,1
3325,manshovel,2
3326,fireman,3
3327,coal,3
3328,steam,2
3329,banko,1
3330,minetgot-ña,1
3331,tångken,1
3332,pounding,1
3333,artesian,1
3334,3753,1
3335,valley,1
3336,okso’,2
3337,manmañuñule’,1
3338,måktos,1
3339,tangke,1
3340,30-degree,1
3341,angle,1
3342,papa,3
3343,elu,1
3344,tihu,1
3345,na’chuda,1
3346,manmetgot,1
3347,gallon,1
3348,drum,1
3349,bulala,1
3350,tåmpe,3
3351,machuda’,1
3352,håtsa,7
3353,punta,1
3354,“gu’ot,1
3355,gu’ot,1
3356,guaka’”,1
3357,karabao,1
3358,ga’tihu-hu,1
3359,pepe,1
3360,lean,1
3361,gedde’,1
3362,bumanidoso,1
3363,ilek-hu”,1
3364,kåkåtga,1
3365,tangken,1
3366,bones,1
3367,bihu-hu,1
3368,tåta,2
3369,lokka’,2
3370,taller,1
3371,than,3
3372,dad,5
3373,6’4”,1
3374,lanky,1
3375,wore,2
3376,shorts,1
3377,pretty,1
3378,muscular,1
3379,body,4
3380,shorter,1
3381,his,5
3382,shoulders,1
3383,neck,1
3384,almost,2
3385,connected,1
3386,shoulder,1
3387,choke,1
3388,days,3
3389,heard,1
3390,haoles,1
3391,critical,1
3392,litter,1
3393,which,1
3394,write,1
3395,you’ll,1
3396,fine,1
3397,nickel,2
3398,trash,1
3399,around,2
3400,area,1
3401,chamorros,1
3402,manggigimen,1
3403,mumu,1
3404,na’lalangu,2
3405,dinilalak,1
3406,alåmle’,1
3407,motorcycle,1
3408,yute’,3
3409,greatest,1
3410,world,1
3411,strength,1
3412,fight,2
3413,particular,1
3414,wrote,2
3415,citation,1
3416,bunch,1
3417,nets,1
3418,fanshovel,1
3419,shovel,1
3420,quite,1
3421,provide,1
3422,heat,1
3423,ship,3
3424,being,1
3425,welcomes,1
3426,southern,1
3427,inarajan,1
3428,tuma’lo,1
3429,gumuålo’,1
3430,tumatånges,1
3431,semnak,1
3432,fusiños,3
3433,lafedda’,2
3434,manu’utot,1
3435,manfusiños,1
3436,fina’tinasi,1
3437,yo-mu,5
3438,kåmyo,1
3439,machete,1
3440,kamyo,1
3441,se’se’,1
3442,mamåmåhan,1
3443,sa’i,1
3444,bidådå-ña,1
3445,doffe’,2
3446,built,1
3447,himself,1
3448,reputation,1
3449,went,1
3450,needs,1
3451,became,1
3452,rich,1
3453,though,1
3454,independence,5
3455,antigu,1
3456,manmås,1
3457,manmaså’pet,1
3458,manaitraduti,1
3459,bende,7
3460,tano’-hu,1
3461,irensian,2
3462,tatå-,1
3463,lorenzo,1
3464,die,1
3465,material,1
3466,things,4
3467,you’re,1
3468,disappointed,1
3469,tano’-ta”,1
3470,nanå-mu,1
3471,muna’hanaogue,1
3472,“ginen,1
3473,såpble,1
3474,na’tutungo’,1
3475,tåno’-mu,1
3476,ayu’,1
3477,ga’ma’irensia,1
3478,klåsse,1
3479,mumetgot”,1
3480,inafa’maolek,1
3481,mandibi,1
3482,gaikepble,1
3483,pon,30
3484,proof,1
3485,na’afford,1
3486,conveniences,1
3487,ice,4
3488,conditioning,1
3489,fanmalago’,1
3490,komprede,1
3491,fanarespeta,1
3492,allow,1
3493,decide,2
3494,political,1
3495,status,2
3496,whatever,2
3497,quo,1
3498,achaigua-ku,1
3499,fanguentos,1
3500,idat-ña,1
3501,manguentos,2
3502,mana’asangåni,1
3503,saipan,24
3504,espitåt,4
3505,matulalaika,1
3506,aliligao,2
3507,empeñu,1
3508,manmanggåna,1
3509,bulåña,1
3510,sankattan,2
3511,sine’so’,5
3512,aktibidåt,1
3513,fanggåna,1
3514,qualify,1
3515,skills,1
3516,anatåhan,8
3517,tånto,2
3518,sankåttan,1
3519,sariguan,2
3520,alamågan,2
3521,agrigan,3
3522,bulan,4
3523,b,1
3524,ulan,1
3525,mahokka,1
3526,malaknos,1
3527,sanhalom-ña,2
3528,abudansia,1
3529,mana’fanhånao,2
3530,ilek-måmåmi,1
3531,kapiya,2
3532,songsong,2
3533,umbre’,3
3534,katoliku,1
3535,relihion,1
3536,tinattiyi,1
3537,puenge,1
3538,atdao,1
3539,orasion,2
3540,fanlisto,1
3541,nobena,1
3542,mandandan,1
3543,fanatendi,1
3544,fanmanaitai,1
3545,fanlutrtrina,1
3546,manlisto,1
3547,idåt-ñiha,1
3548,risibi,2
3549,primera,1
3550,komunion,1
3551,mana’fampraktitika,1
3552,pururu,1
3553,carolinian,6
3554,lengguahi,1
3555,eyak,1
3556,sesso,4
3557,skill,1
3558,survival,1
3559,muñangu,6
3560,manunu,1
3561,mangonne’,3
3562,peska,5
3563,chiba,5
3564,babui,2
3565,fanihi,3
3566,techniques,1
3567,manmafa’nå’nå’gue’,1
3568,grådu,5
3569,peligru,6
3570,fañule,1
3571,klåsin,1
3572,mana’fanhålom,1
3573,boti,12
3574,mankamp,1
3575,mientras,1
3576,bubula,2
3577,landing,2
3578,“treacherous”,1
3579,napu,3
3580,tumaiguini,6
3581,kinenne’,2
3582,pumarehu,1
3583,tunok,2
3584,dispåsio,1
3585,mañoknõk,1
3586,malassas,1
3587,kostat,10
3588,peligro,1
3589,kurenti,1
3590,pen,1
3591,marikohi,1
3592,acapulco,1
3593,ta’yok,2
3594,ñangu,1
3595,josen,1
3596,yu,1
3597,ma’udai,2
3598,gåpot,1
3599,603,1
3600,puno’,3
3601,ma’udai-mu,1
3602,“bai,1
3603,hågu”,1
3604,apacha,1
3605,malak,2
3606,kantet,3
3607,unai,1
3608,“beach”,1
3609,kånton,2
3610,tåsi,1
3611,alutong,4
3612,cliff,2
3613,humånaonao,1
3614,måmånu,1
3615,madalalak,1
3616,dalak,1
3617,uma,1
3618,minakkat,1
3619,chinago’,1
3620,kåtga,1
3621,manmama’salålåpe’,1
3622,lilie’’,1
3623,barter,1
3624,machule’,2
3625,kostat-mu,1
3626,påpåtte,1
3627,pugas,1
3628,asukat,1
3629,arina,1
3630,chupa,3
3631,kechap,1
3632,sirasame,1
3633,na’lalagu,1
3634,chule,2
3635,katgå-ña,1
3636,mambende,1
3637,donne’,1
3638,matåla’,3
3639,kåtne,1
3640,ayuyu,6
3641,manmabebende,1
3642,pinat,1
3643,atungo’-mu,1
3644,prubido,1
3645,fangonne’,2
3646,tradition,1
3647,tunu,1
3648,buenu,1
3649,fina’kånton,1
3650,tasen-ñiha,1
3651,beach,6
3652,tilipås,2
3653,hook,1
3654,manmangonne’,2
3655,halu’u,7
3656,pachot-ña,1
3657,charcoal,1
3658,agaga’,1
3659,kimason,1
3660,pachot,1
3661,fina’humagåndon-ñiha,1
3662,hakmang,2
3663,manloddo’,1
3664,manmahåhålla,1
3665,hugåndon,1
3666,hilitai,1
3667,muna’siguru,1
3668,humagåndon,1
3669,60’s,1
3670,transpotasion,1
3671,båtkon,1
3672,mabababa,2
3673,humahåhånao,1
3674,mafa’raft,1
3675,manmatunok,1
3676,batsåla,1
3677,manggai,2
3678,måkina,1
3679,pasaheru,1
3680,mamburukento,1
3681,maigo’-mu,1
3682,mubi,2
3683,manli’e’,2
3684,litråtu,1
3685,kumalålamten,1
3686,kumalålåmten,1
3687,kumakahulo’,1
3688,dipendi,1
3689,orå-mu,1
3690,proper,1
3691,magagu-mu,1
3692,fina’didide’,2
3693,asaina,1
3694,nu”,1
3695,mana’fane’egga,1
3696,taimagågu,1
3697,e’egga’”,1
3698,bandan,1
3699,marilyn,1
3700,monroe,2
3701,mub,1
3702,påle’,14
3703,arnold,1
3704,bendowski,1
3705,åpmamam,1
3706,chalångka,1
3707,fanhosmi,1
3708,misa,1
3709,chågo’,4
3710,fanhami,1
3711,kattan,1
3712,fanna’misa,1
3713,gacha’,1
3714,konfesat,2
3715,kumomotgan,1
3716,impotante,1
3717,manma’åñao,1
3718,gaibatbås,1
3719,kumakåti,1
3720,madagi,1
3721,minagågu,2
3722,taklålo’,1
3723,katsuñes-mu,1
3724,teneiki,4
3725,kumåti,2
3726,kumakåti”,1
3727,ma’espånta,1
3728,manminagågågu,1
3729,eskuelånte,1
3730,manå’yi,4
3731,sådde’,2
3732,skåto,1
3733,estoria,3
3734,sadde’,1
3735,mane’chiba,1
3736,madudulak,1
3737,patås-ñiha,1
3738,halla,2
3739,humanao,1
3740,hokkok,1
3741,tåli,1
3742,tåli”,1
3743,“umbe,1
3744,na’setbe,2
3745,sadde’-mu,1
3746,mangga’chong-ña,1
3747,toru,1
3748,quality,1
3749,manhinalla,1
3750,mana’yok,1
3751,takpåpa’,1
3752,“mångge,1
3753,toru”,1
3754,såde’-hu,1
3755,chinina,1
3756,manmanunok,1
3757,burlap,2
3758,machåchåk,1
3759,manminagågu,1
3760,lava-lava,1
3761,manna’chalek,1
3762,tribe,1
3763,manggai’uniform,1
3764,manmarch,1
3765,orumelok,1
3766,lssua,1
3767,romulor,1
3768,rogopes,1
3769,igasaya,1
3770,kapelaio,1
3771,raboliman,1
3772,fitial,1
3773,manggaiparientes,1
3774,machalåppon,1
3775,lina’la’-ñiha,1
3776,poksai,1
3777,famagu’on-mu,1
3778,pumeska,1
3779,manhåtsan,1
3780,hågon,7
3781,ligan,1
3782,guguaha,1
3783,tåpbla,1
3784,fresko,1
3785,freresko,1
3786,fanihen,1
3787,puntå-ña,1
3788,kotdet,1
3789,i’ina,1
3790,gågåncho,1
3791,papaki,1
3792,fleflecha,1
3793,gåncho,1
3794,tangka,1
3795,shell,1
3796,nigas,1
3797,saga-ña,1
3798,kuatkuet,1
3799,crowbar,1
3800,bareta,2
3801,mapacha,1
3802,mumahetok,1
3803,sakudi,1
3804,na’sesetbe,3
3805,cover,2
3806,lassås–ña,1
3807,sumai,1
3808,muna’mañaña’,1
3809,må’pos,2
3810,sosongge,1
3811,senko,1
3812,“mosquito,1
3813,coil”,1
3814,songge,1
3815,guaguan,1
3816,manmafafåhan,1
3817,“chief”,1
3818,benedicton,1
3819,taisakkan,1
3820,primu-hu,1
3821,primu,1
3822,iyon,1
3823,morse,1
3824,code,2
3825,flashlight,1
3826,mañiñila’,1
3827,sisignal,1
3828,seseñas,1
3829,benedicto,1
3830,manaligao,1
3831,låssas,1
3832,sumesenas,1
3833,fanggera,1
3834,mapaki,2
3835,gotpe,1
3836,cha-,1
3837,mu,1
3838,sesenas,1
3839,mansinedda’,1
3840,mampeska,2
3841,hai,1
3842,communications,3
3843,na’chaddek,1
3844,coast,1
3845,destroyer,1
3846,håpon,1
3847,chotda,1
3848,mamboboka,1
3849,manma’udai,1
3850,goma,1
3851,botas,1
3852,boot,1
3853,jeep,1
3854,rubber,1
3855,boats,1
3856,yåtdes,1
3857,yards,1
3858,materiåt,1
3859,pentura,1
3860,cream,2
3861,estoria-ña,1
3862,lalago’,1
3863,chumachatfino’,1
3864,sumåkke’,1
3865,na’-ña,2
3866,cream”,1
3867,airplånu,1
3868,kandet,3
3869,benedictu,2
3870,bateria,1
3871,chinachak,1
3872,atdet,2
3873,estas,1
3874,radio,5
3875,kåtta,1
3876,mapagåhes,1
3877,mina’lak,1
3878,tutuhos,1
3879,puti’on,1
3880,“shooting,1
3881,star”,1
3882,airplane,1
3883,bayena,1
3884,manggrupu,1
3885,neni-ña,1
3886,spout,1
3887,fina’dos,1
3888,dikike’,2
3889,katdume,1
3890,li’e’ayu,1
3891,paluma,2
3892,marlin,1
3893,manmakokonne’,1
3894,fino’-mu,1
3895,chumatfino’,1
3896,o’mak,3
3897,fina’pool,1
3898,open,1
3899,mesngon,1
3900,rough,1
3901,fampeska,1
3902,fane’chiba,1
3903,e’ayuyu,1
3904,mafununuk,1
3905,fanñangu,1
3906,kahulo’,3
3907,treacherous,1
3908,botkon,1
3909,mountain,1
3910,tinahdong,1
3911,asut,3
3912,kanto-ña,1
3913,gumuaguåhlo’,1
3914,mana’fandanña’,1
3915,2746,1
3916,ok,1
3917,iyon-miyu,3
3918,assignment,1
3919,louis,2
3920,faisague,1
3921,yafe’na,1
3922,chumålek,1
3923,agupa’,2
3924,supply,2
3925,mameska,1
3926,manggupot,2
3927,“hangover”,1
3928,mamabulåchu,1
3929,mantulanoche,1
3930,lunes,2
3931,mandådåkkot,1
3932,principal,1
3933,“hålom,1
3934,yabi,1
3935,tatten,1
3936,petta,1
3937,ao,1
3938,chapter,1
3939,2”,1
3940,mandiscipline,2
3941,ma’osge,1
3942,disatentu,2
3943,bålas,1
3944,manmasaolak,1
3945,masaolak,1
3946,mana’,1
3947,“ñot”,1
3948,ma…,1
3949,1960,1
3950,manuman,1
3951,saipanese,1
3952,discipline,1
3953,manphsyically,1
3954,conditioned”,1
3955,kåttan,3
3956,ta…,1
3957,next,1
3958,trip,1
3959,3028,1
3960,mamfluent,1
3961,aldan,1
3962,reyes,1
3963,manintermarriage,1
3964,famagu’on-ña,1
3965,german,3
3966,gaiboti,1
3967,mana’hånao,3
3968,hinafa,1
3969,abuse,2
3970,pigua,1
3971,chainsaw,3
3972,fandokko’,1
3973,fanokcha’,1
3974,manmama’salålape’,1
3975,mamparientes-mu,1
3976,latan,1
3977,gånta,1
3978,balen,1
3979,kahon,1
3980,ais,1
3981,mahange’,1
3982,såhyan-ñiha,1
3983,3317,1
3984,måttes,1
3985,mietkoles,1
3986,huebes,1
3987,betnes,1
3988,sabålu,1
3989,damenggo’,1
3990,manggimen,1
3991,cafe,1
3992,tåftåf,1
3993,åddeng,1
3994,kumåkåtga,1
3995,macrisscross,1
3996,hey,1
3997,four,1
3998,pounds,1
3999,bihu,4
4000,matå-ña,1
4001,ma’atde,1
4002,tuminane’,1
4003,umatok,2
4004,karit,3
4005,3436,1
4006,tangåntangån,1
4007,fina’trongko,1
4008,humåhånao,1
4009,bihu”,1
4010,kostat-ña,1
4011,jungle,3
4012,“hu,1
4013,påpet,3
4014,etgue,1
4015,hakkot,1
4016,makakaka,1
4017,makaka,1
4018,chåchågo’”,1
4019,bumabaila,1
4020,hula,1
4021,“esta,1
4022,makaka-ña,1
4023,hagon,1
4024,na’setbe”,1
4025,kåssas,1
4026,estoriå-mu,1
4027,totche,1
4028,graveyard,1
4029,simenteyu,1
4030,mambatbåru,1
4031,guaddok,1
4032,stainless,1
4033,utensils,3
4034,tataotao,1
4035,te’lang,2
4036,manapåtte,1
4037,laña’pues,1
4038,humåfot,1
4039,tinake’,1
4040,rust,1
4041,pine’lo’-ñiha,1
4042,fanmañodda’,1
4043,perfektu,1
4044,“bei,1
4045,“ha,1
4046,dagi,1
4047,sistet,1
4048,“si,1
4049,lugåt”,2
4050,“hunggan,7
4051,“hågu,1
4052,adda,1
4053,“hunggan”,1
4054,“gaige,3
4055,langhet”,1
4056,“na,1
4057,milågru,1
4058,kumekeilek-mu,1
4059,gima’-måmi”,1
4060,ña“hunggan”,1
4061,lanchon-måmi”,1
4062,lanchon-miyu,1
4063,på’go”,1
4064,“atan,1
4065,lanchon-,1
4066,måmi”,1
4067,tumutuba,1
4068,fifteen,1
4069,sixteen,1
4070,feet,1
4071,chatta’,1
4072,pega,1
4073,terrible,1
4074,3815,1
4075,åño’,1
4076,mana’gegem,1
4077,na’na’lo’,1
4078,åño,1
4079,man’agegem,1
4080,3820,1
4081,dikike’ña,1
4082,gumigimmen,1
4083,view,1
4084,magellan,1
4085,manlili’e’,1
4086,yunga,1
4087,mountains,1
4088,betde,1
4089,luta,1
4090,manakihot,1
4091,kakaosa,1
4092,doll,3
4093,ma’abuse,1
4094,mangomplaplain,1
4095,hagå-ta,1
4096,mcdonalds,1
4097,ma’interview,1
4098,tv,3
4099,malitråtåtu,1
4100,“påle’,1
4101,ma’accuccuse,1
4102,bidådå-mu,1
4103,“hasso,1
4104,prublemå-ña,1
4105,emotional,3
4106,distress,1
4107,na’kekecomfortable,1
4108,mcdonalds”,1
4109,na’boka,1
4110,salåpe’-hu,1
4111,“ya,1
4112,lokkue”,1
4113,ilek-ña“hunggan”,1
4114,“yan,1
4115,chichiku,2
4116,inestotoba,1
4117,ilu-ña,2
4118,mabidå-ña”,1
4119,labios-ña”,1
4120,kiss,1
4121,hila’-hu”,1
4122,manmensgon,1
4123,tångke,1
4124,mana’fampeska,1
4125,paire,1
4126,pumeskan,1
4127,taiguini”,1
4128,“hafa,1
4129,kumekeilek-mu”,1
4130,muñañangu,1
4131,diskuti,1
4132,manmalångu,1
4133,fina’dispensary,1
4134,gimmen-ña,1
4135,nubena,1
4136,dadalak,1
4137,sagå-ña,1
4138,swimming,1
4139,pool,1
4140,inatan,1
4141,fanmåtmos,1
4142,shampoo,2
4143,vines,1
4144,ma’utot,1
4145,guesgues,1
4146,makåmyo,1
4147,gapotilu,1
4148,paine,1
4149,fanutot,2
4150,na’kahulo’,1
4151,fañaonao,1
4152,manmåmfok,1
4153,pinatlalåhi,1
4154,beams,1
4155,e’sine’so’,1
4156,e’haggan,1
4157,e’chiba,1
4158,updated,1
4159,control,1
4160,immigration,2
4161,fina’sume,1
4162,bandån,1
4163,screening,1
4164,manrekto,1
4165,annnok,1
4166,fina’,1
4167,table,1
4168,deal,1
4169,na’ma’åse’,1
4170,na’piniti,2
4171,kannai-ta,1
4172,isao-ta,1
4173,fanu’i,1
4174,masangåni,2
4175,susume’,1
4176,eskapåyi,1
4177,“enao,1
4178,ma’åmot,1
4179,siha”,1
4180,emplea’o,1
4181,mamaolek,1
4182,sangån,1
4183,citizen,1
4184,manmanaitai,1
4185,covenant,1
4186,homework,1
4187,fail,1
4188,grådu-mu,1
4189,mama’familia,1
4190,famatkilu,1
4191,mana’suha,1
4192,kadenan,1
4193,cnmi,4
4194,sooner,2
4195,maekstende,1
4196,manperfekto,1
4197,fanggai,1
4198,could,3
4199,reasons,1
4200,integration,1
4201,intergration,1
4202,scarred,1
4203,79,1
4204,thinking,1
4205,actually,1
4206,voted,1
4207,against,1
4208,makes,1
4209,mistakes,1
4210,revenge,1
4211,sane,1
4212,alright,5
4213,forth,1
4214,sorry,1
4215,together,2
4216,whole,1
4217,chain,2
4218,divided,1
4219,need,2
4220,stick,1
4221,hang,5
4222,last,2
4223,agree,2
4224,together”,1
4225,lay,1
4226,weapons,1
4227,instead,1
4228,each,1
4229,spoke,1
4230,moved,1
4231,feeling,1
4232,accept,1
4233,suffer,1
4234,since,2
4235,spanish,3
4236,dance,2
4237,everybody’s,1
4238,pouring,1
4239,into,2
4240,change,1
4241,micronesian,2
4242,americans,1
4243,cultures,1
4244,forced,1
4245,practicing,1
4246,fought,1
4247,long,1
4248,survived,1
4249,fast,1
4250,bring,2
4251,difference,2
4252,style,2
4253,pronunciation,1
4254,trouble,1
4255,em,1
4256,grew,1
4257,speaking,2
4258,learning,1
4259,native,1
4260,tongue,1
4261,difficult,2
4262,easier,1
4263,far,1
4264,apart,1
4265,given,1
4266,chance,1
4267,weren’t,1
4268,punished,1
4269,yes,1
4270,remember,1
4271,punish,1
4272,came,1
4273,wasn’t,2
4274,tough,1
4275,harsh,1
4276,spank,1
4277,worse,1
4278,trying,2
4279,dances,2
4280,gotta,4
4281,start,8
4282,somewhere,4
4283,wait,1
4284,ours,1
4285,past,1
4286,somebody’s,1
4287,polynesian,2
4288,fingers,1
4289,yours,1
4290,represents,1
4291,again,1
4292,continuity,1
4293,proficient,1
4294,helps,1
4295,smart,1
4296,losing,2
4297,piece,1
4298,wipers,1
4299,nobody,1
4300,wipe,1
4301,windshield,1
4302,getting,1
4303,blurrier,1
4304,personal,1
4305,opinion,1
4306,might,1
4307,differ,1
4308,little,1
4309,bit,1
4310,ada,2
4311,mangloña,2
4312,anna,1
4313,borja,1
4314,asagua,1
4315,mendiola,1
4316,trentai,1
4317,hulio,1
4318,george,7
4319,washington,3
4320,ineru,1
4321,sisentai,4
4322,training-hu,1
4323,scofield,1
4324,basic,1
4325,advanced,1
4326,infantry,3
4327,infantryman,1
4328,25th,2
4329,division,2
4330,21st,1
4331,battle,1
4332,divison,1
4333,re-enlist,2
4334,1st,5
4335,cav,3
4336,9,1
4337,squadron,1
4338,dmz,1
4339,berlin,1
4340,volunteer,2
4341,platoon,22
4342,madanche,1
4343,handgrenade,1
4344,fort,10
4345,dix,1
4346,jersey,2
4347,drills,2
4348,arms,2
4349,senior,5
4350,drill,2
4351,instructor,2
4352,ord,4
4353,madånche,1
4354,båchit,1
4355,brigade,1
4356,madanche-ku,1
4357,reclassify,1
4358,mos,1
4359,bravo,1
4360,72,1
4361,gulf,1
4362,gordon,2
4363,georgia,1
4364,oxbert,3
4365,ma’ålok,12
4366,“asa”,1
4367,“army,1
4368,agency”,1
4369,mandadanña’,1
4370,alemån,1
4371,british,1
4372,intelligence,2
4373,asa,1
4374,angelo,1
4375,texas,2
4376,project,1
4377,streamliner,1
4378,computers,1
4379,fumirst,1
4380,127,1
4381,signal,11
4382,battalion,5
4383,serve,2
4384,2,2
4385,3,1
4386,261st,1
4387,company,7
4388,hanover,1
4389,frankfurt,9
4390,128th,2
4391,1,1
4392,major’s,2
4393,academy,2
4394,bliss,1
4395,major,8
4396,6th,1
4397,advisor,1
4398,oregon,1
4399,year,1
4400,half,1
4401,102nd,1
4402,covered,2
4403,northern,1
4404,belgium,7
4405,holland,4
4406,japan,1
4407,madivert,1
4408,maselect,2
4409,takeover,1
4410,5th,5
4411,command,12
4412,countries,1
4413,england,2
4414,saudi,1
4415,arabia,1
4416,country,1
4417,ritchie,1
4418,maryland,4
4419,interesao,1
4420,cho’guiyi,2
4421,lieutenant,2
4422,mayer,1
4423,50,1
4424,america,2
4425,disidi,2
4426,retire,2
4427,gobietnon,6
4428,liason,1
4429,jrotc,2
4430,virginia,1
4431,turner,1
4432,cho’guiguiyi,1
4433,memorial,2
4434,denver,1
4435,colorado,1
4436,brian,1
4437,harry,1
4438,director,1
4439,original,1
4440,western,1
4441,region,1
4442,px,2
4443,manhåhålom,1
4444,922,1
4445,colonel,1
4446,french,1
4447,ala,1
4448,moana,1
4449,headquarters,2
4450,afs,1
4451,mou,1
4452,between,2
4453,lister,1
4454,facilidåd,2
4455,reserve,1
4456,kontratån-måmi,1
4457,temporårio,1
4458,tour,3
4459,tratrack,1
4460,18th,1
4461,regiment,3
4462,giap,1
4463,north,9
4464,purmusue,1
4465,planon-ñiha,1
4466,saigon,5
4467,iyon-,1
4468,kompåñia,2
4469,akisdente,1
4470,sedda’,3
4471,bunkers,1
4472,point,1
4473,sudden,2
4474,“all,1
4475,hell,2
4476,breaks,1
4477,loose”,1
4478,stumbled,1
4479,vietnamese,5
4480,bunker,5
4481,complex,6
4482,couple,1
4483,seconds,2
4484,pointman,1
4485,flankman,1
4486,insigidas,1
4487,“wage,1
4488,formation”,1
4489,fanmanambush,2
4490,flank,1
4491,smoke,1
4492,nva,2
4493,punu’,2
4494,“interlocking,2
4495,fire”,3
4496,bunk,1
4497,“ceasefire”,1
4498,uttimon,1
4499,commander,6
4500,risisibi,1
4501,“heavy,1
4502,volume,1
4503,kompañiån-måmi,1
4504,“all-around,1
4505,security”,1
4506,airstrike,1
4507,artillery,2
4508,fanmåtai,1
4509,matter,3
4510,taotao-hu,9
4511,cumorcoporal,1
4512,pusision-ña,2
4513,umadutgan,1
4514,helmet,1
4515,muna’piniti,1
4516,brain,1
4517,two-five,2
4518,“sangåni,1
4519,yu’”,1
4520,1358,1
4521,yon-måmi,4
4522,operation,1
4523,aligao,5
4524,manmadeskuåttisa,1
4525,pupuengi,1
4526,comander,1
4527,5,1
4528,away,1
4529,defense,1
4530,position,2
4531,homhom,1
4532,manmangguåddok,1
4533,foxhole,4
4534,yon-,2
4535,vso,1
4536,file,1
4537,assign,6
4538,mana’siguru,1
4539,claymore,2
4540,tripwire,1
4541,“listening,1
4542,post”,1
4543,listening,3
4544,warning,1
4545,fanmanattack,1
4546,aroud,1
4547,midnight,1
4548,manmapaki,1
4549,pull,3
4550,lp,1
4551,remeturn,1
4552,blow,1
4553,few,1
4554,minutes,1
4555,attack,2
4556,doff,1
4557,motorfire,1
4558,“human,1
4559,wave,1
4560,attack”,1
4561,malålågu,2
4562,pusision-måmi,1
4563,despetdisia,1
4564,ammunition,3
4565,target,1
4566,thick,1
4567,strike,1
4568,rto,2
4569,telephone,2
4570,operator,2
4571,conserve,1
4572,mandinanche,1
4573,redistribute,1
4574,within,1
4575,patås,1
4576,pietnå-ku,2
4577,dry,1
4578,dressings,2
4579,dressing,2
4580,bandage,1
4581,taitåyi,1
4582,mane’essalao,1
4583,“i’m,1
4584,please,1
4585,help,1
4586,crumawl,1
4587,wounded,1
4588,chacharge,1
4589,bayoneta,1
4590,pinino’,1
4591,hokse,1
4592,matai,1
4593,pusision,1
4594,manmandanche,1
4595,mareinforce,1
4596,hilat,1
4597,humold,1
4598,line,1
4599,li’e’i,1
4600,flash,1
4601,kannai-hu,1
4602,håga’,1
4603,medic,1
4604,dresser,1
4605,sterile,1
4606,apo’,1
4607,e’ekungok,1
4608,kadakuat,1
4609,kåskås,1
4610,manmaover-run,1
4611,macapture,2
4612,pin,1
4613,hand,1
4614,grenade,1
4615,umåsson,1
4616,reinforce,1
4617,manmareinforce,1
4618,manana,1
4619,helicopter,5
4620,“”,1
4621,2012,2
4622,magodde,1
4623,“mcguire,1
4624,rig”,1
4625,mahåtsa,1
4626,ma’airvac,1
4627,kåsi,3
4628,ma’åmte,1
4629,responsable,1
4630,safety,1
4631,manominate,1
4632,congressional,2
4633,medal,2
4634,honor,1
4635,muna’tres,1
4636,ma’award,1
4637,distinguished,2
4638,service,2
4639,cross,1
4640,l,1
4641,lz,1
4642,grab,2
4643,zone,1
4644,downgrade,1
4645,award,3
4646,kontentu,1
4647,prejucide,1
4648,nosput,1
4649,manmiresi,1
4650,1986,1
4651,corps,1
4652,“advisory,1
4653,council”,1
4654,majors,1
4655,okasion,1
4656,guest,1
4657,speaker,1
4658,tosher,2
4659,theatre,2
4660,aisle,1
4661,toktok,1
4662,honor”,1
4663,madowngrade”,1
4664,nina’inestotba,1
4665,endorse,1
4666,ma’upgrade,1
4667,prejudice,1
4668,disservice,1
4669,starks,1
4670,dove,1
4671,statement,1
4672,records,1
4673,correction,1
4674,packet,2
4675,decline,2
4676,action,1
4677,2014,1
4678,president,1
4679,obama,1
4680,manma’award,1
4681,kattåyi,1
4682,na’endorse,1
4683,calvo,1
4684,chairman,1
4685,veterans,1
4686,affairs,2
4687,representative,1
4688,congressman,1
4689,miller,1
4690,florida,2
4691,qualified,1
4692,pacific,3
4693,islander,3
4694,manma’atan,1
4695,japanese-,1
4696,jews,1
4697,hispanic,1
4698,include,1
4699,resort,1
4700,court,1
4701,manggaieskusu,1
4702,tråta,1
4703,discriminate,1
4704,“in,1
4705,minutos,2
4706,pinickup”,1
4707,guam”,4
4708,mama’bababa,1
4709,“åhe’”,1
4710,shocked,1
4711,gumegera,1
4712,pickup,1
4713,2613,1
4714,munision,1
4715,govenor,1
4716,delegation,1
4717,1968,2
4718,torres,5
4719,joe,1
4720,guevara,1
4721,lift,1
4722,morale,1
4723,hengge,1
4724,surprised,2
4725,pinatc-rations,1
4726,mre,1
4727,ready,1
4728,meals,1
4729,kantidån,1
4730,steak,1
4731,lobster,1
4732,kakanno’,1
4733,na’-måmåmi,1
4734,na’-ñiha,1
4735,fanmaigo’,1
4736,front,1
4737,lines,1
4738,search,1
4739,destroy,1
4740,vietcong,1
4741,matulaika,1
4742,mana’bisita,1
4743,blue,1
4744,“martin,1
4745,sponsor,1
4746,“fanmåtto,1
4747,germany”,1
4748,protocol,2
4749,direcho,1
4750,another,1
4751,comfortable,2
4752,umatungo’-måmi,1
4753,traffic,1
4754,messages,1
4755,manmasusesedi,1
4756,uso,2
4757,“put,1
4758,na’tungo’,1
4759,support,2
4760,malago’-mu,1
4761,“lao,1
4762,tumutuhon”,1
4763,e’yåba,1
4764,planu-hu,1
4765,kontact,1
4766,individual,1
4767,få’tinas,1
4768,form,1
4769,komite,1
4770,frankfrut,1
4771,taitano,1
4772,charlie,1
4773,quinata,1
4774,europe,2
4775,secretary,1
4776,set,2
4777,accommodation,3
4778,osi,1
4779,42nd,2
4780,mp,2
4781,custom,2
4782,intension-ñiha,1
4783,fanmabrief,1
4784,rodgers,1
4785,supreme,1
4786,allied,1
4787,arrange,3
4788,afn,1
4789,local,2
4790,welcoming,1
4791,committee,1
4792,escort,1
4793,visitors,1
4794,3rd,1
4795,floor,1
4796,flughaften,1
4797,airport,1
4798,nanangga,1
4799,connecting,1
4800,mabrief,1
4801,convoy,1
4802,gap,1
4803,fiesta,4
4804,italy,1
4805,fañaga,1
4806,fañåga,1
4807,pe’lo,1
4808,trailer,1
4809,houses,2
4810,accommodate,1
4811,ma’appreciate,1
4812,bidan-,1
4813,senmagof,1
4814,madeliene,1
4815,iyon-ña,1
4816,staff,1
4817,whitt,1
4818,legal,1
4819,counsel,1
4820,lisa,1
4821,castro,1
4822,taxation,1
4823,adjutant,1
4824,entourage,1
4825,bidan-måmi,1
4826,bremerhaven,1
4827,rather,1
4828,end,1
4829,manibusan,1
4830,charge,1
4831,inafliton,1
4832,tininon,1
4833,kelaguen,1
4834,eskabechen,1
4835,meins,1
4836,spareribs,1
4837,slaughterhouse,1
4838,manavailable,1
4839,invite,1
4840,tape,1
4841,footage,1
4842,bisitan-ñiha,1
4843,majority,1
4844,politics,1
4845,iyo-ta,1
4846,industry,1
4847,natural,1
4848,resources,1
4849,self-sufficient,1
4850,independent,1
4851,fighting,1
4852,survive,1
4853,hesitation,2
4854,depend,1
4855,grants,1
4856,evaluate,1
4857,pros,1
4858,cons,1
4859,revert,1
